#{"gym_version": "0.9.4", "t_start": 1513094862.6359363, "env_id": "DemonAttackNoFrameskip-v4"}
r,l,t
60.0,388,12.152222
190.0,1944,56.828616
150.0,1582,93.220354
280.0,1170,120.029336
70.0,540,132.295499
140.0,1773,172.646099
265.0,1195,200.057921
150.0,723,216.464549
120.0,777,234.051874
100.0,612,248.21322
280.0,2191,298.651865
60.0,475,309.416695
130.0,1134,335.496007
140.0,1195,362.69857
100.0,740,379.713706
235.0,1968,424.941795
160.0,1370,456.380387
310.0,3381,534.86947
10.0,202,539.205432
100.0,807,557.68466
140.0,771,575.336046
140.0,820,594.443386
265.0,1598,630.962044
90.0,481,641.632288
70.0,545,653.990314
205.0,1385,685.578829
175.0,1558,721.151907
175.0,1209,748.906059
110.0,516,760.741817
130.0,971,782.938023
280.0,1937,827.920843
295.0,1348,858.921287
205.0,1817,900.963386
175.0,1234,929.462191
80.0,660,944.742081
60.0,496,955.8906
110.0,534,968.062065
520.0,1540,1004.07927
100.0,667,1019.415316
130.0,773,1036.978042
40.0,360,1045.254511
90.0,558,1057.809592
60.0,397,1066.830006
100.0,519,1078.623001
140.0,1242,1107.316027
235.0,1583,1143.333243
175.0,1221,1171.207189
130.0,722,1187.557685
110.0,751,1204.775052
40.0,414,1214.063971
175.0,1564,1250.024875
295.0,1506,1284.65692
40.0,239,1289.986053
80.0,568,1303.01492
20.0,242,1308.45347
110.0,661,1323.369277
325.0,1442,1357.056579
235.0,834,1376.232039
130.0,716,1392.467419
220.0,1140,1418.577294
235.0,1018,1441.956253
40.0,507,1453.22637
50.0,275,1459.310298
100.0,758,1476.317053
60.0,619,1490.540734
235.0,978,1512.891672
100.0,672,1528.415746
80.0,607,1541.987345
130.0,729,1558.557595
90.0,645,1573.409463
190.0,869,1593.552589
190.0,949,1614.983432
175.0,819,1633.90985
295.0,1587,1670.078342
60.0,508,1681.777399
140.0,942,1703.06613
100.0,683,1718.747334
120.0,772,1736.681146
100.0,699,1753.024215
250.0,1240,1781.511006
220.0,948,1803.542592
70.0,636,1818.037487
80.0,591,1831.557004
80.0,493,1842.617083
100.0,791,1860.531902
160.0,894,1880.763911
175.0,984,1903.192419
205.0,786,1921.302189
150.0,661,1936.742456
90.0,718,1953.257811
100.0,712,1969.368884
130.0,583,1982.348327
50.0,389,1990.976617
265.0,900,2011.344422
100.0,852,2031.08332
140.0,577,2044.435276
110.0,535,2056.646907
325.0,997,2079.846812
110.0,515,2091.989736
310.0,2310,2145.290767
90.0,566,2157.942308
175.0,1078,2182.434223
90.0,500,2193.731103
355.0,1526,2229.195899
110.0,586,2242.74845
140.0,442,2252.900254
140.0,690,2268.660928
50.0,335,2276.25687
140.0,743,2293.015645
110.0,575,2306.325732
90.0,566,2319.162886
100.0,835,2338.397058
90.0,519,2350.256505
40.0,269,2356.320122
120.0,1207,2384.025702
160.0,802,2402.241846
250.0,1136,2428.589758
220.0,1250,2457.19086
130.0,581,2470.339929
205.0,1200,2497.325247
20.0,333,2504.85188
265.0,945,2526.551009
50.0,313,2533.728647
220.0,734,2550.694848
130.0,644,2565.073608
120.0,567,2577.748462
80.0,377,2586.326213
80.0,358,2594.197211
150.0,1006,2616.972364
175.0,837,2635.921649
90.0,406,2644.838508
110.0,688,2660.382793
80.0,805,2679.131186
110.0,519,2690.752545
70.0,384,2699.458328
70.0,332,2707.100338
205.0,812,2725.792563
110.0,520,2737.856528
110.0,615,2751.717397
90.0,536,2764.016299
130.0,773,2781.631938
140.0,550,2794.442703
130.0,793,2812.650332
160.0,1045,2836.320154
50.0,317,2843.448325
60.0,540,2855.869455
90.0,475,2866.591353
80.0,430,2876.352899
130.0,791,2894.517835
140.0,1118,2919.980445
220.0,1198,2947.45542
140.0,741,2964.73083
100.0,487,2975.909118
160.0,755,2993.196397
120.0,603,3006.707389
235.0,1278,3035.962737
160.0,1039,3060.067116
140.0,848,3079.321759
120.0,487,3090.205089
100.0,774,3108.17342
340.0,1242,3136.634364
110.0,494,3147.881435
80.0,643,3162.495692
265.0,1566,3198.307737
140.0,876,3218.072385
220.0,1154,3244.177448
130.0,617,3257.9752
150.0,712,3274.299253
80.0,331,3281.770411
235.0,991,3304.008348
140.0,748,3321.235306
160.0,880,3340.86954
175.0,1123,3366.287385
110.0,609,3379.984751
90.0,484,3390.959754
90.0,368,3399.036278
20.0,412,3408.138165
120.0,565,3420.555234
175.0,1067,3444.771148
110.0,608,3458.069872
310.0,1277,3486.771313
175.0,1102,3512.263808
600.0,1636,3549.493178
60.0,321,3556.251037
370.0,1535,3591.061255
295.0,1123,3616.711945
60.0,390,3625.188705
150.0,816,3643.310134
250.0,1074,3667.529064
140.0,962,3689.386983
235.0,979,3711.813729
310.0,1252,3740.54575
150.0,921,3761.661384
140.0,738,3777.998735
80.0,344,3785.622058
160.0,626,3799.765843
205.0,1011,3822.782804
120.0,632,3837.068977
140.0,584,3850.293676
140.0,730,3867.416733
140.0,763,3884.587612
420.0,1534,3919.080115
220.0,883,3938.736027
110.0,649,3953.383683
235.0,1018,3976.592751
90.0,534,3988.877018
295.0,919,4009.848051
160.0,672,4024.752349
120.0,567,4037.420874
60.0,382,4045.633862
110.0,774,4063.246161
120.0,664,4078.349893
110.0,643,4092.867257
235.0,869,4112.526916
90.0,740,4129.270836
265.0,974,4151.39842
160.0,922,4172.401737
100.0,589,4185.802434
110.0,606,4199.593323
150.0,640,4214.048352
280.0,1161,4240.935983
355.0,1361,4272.140556
130.0,564,4285.382689
150.0,955,4307.218946
130.0,469,4317.702253
130.0,690,4333.379824
370.0,1868,4376.567564
250.0,1401,4408.757825
235.0,979,4431.614162
190.0,703,4447.786613
235.0,831,4467.048928
110.0,551,4479.734722
265.0,1092,4504.638229
110.0,384,4513.306845
130.0,815,4531.599116
400.0,1415,4563.815354
90.0,539,4575.933197
80.0,783,4593.752389
110.0,542,4605.910338
580.0,1659,4643.966909
420.0,1615,4681.047682
130.0,842,4700.31846
340.0,1313,4731.002142
280.0,1089,4755.963698
50.0,389,4764.827449
205.0,992,4786.290246
220.0,1154,4809.674257
150.0,766,4824.833061
90.0,434,4833.463605
70.0,368,4840.553975
355.0,1236,4866.029341
100.0,523,4876.586999
220.0,942,4895.383577
235.0,1248,4920.113898
235.0,887,4937.999866
90.0,516,4948.290544
150.0,819,4964.410143
235.0,899,4982.568225
205.0,977,5002.245216
190.0,883,5020.126973
110.0,572,5031.467837
60.0,508,5041.398947
160.0,718,5055.692886
100.0,695,5069.790407
280.0,1125,5092.145823
160.0,756,5107.457937
150.0,976,5127.173404
140.0,674,5140.586482
110.0,646,5153.626609
295.0,1371,5181.115125
280.0,1270,5206.548228
310.0,1106,5228.847841
235.0,769,5244.29884
235.0,993,5264.133546
150.0,967,5283.865239
325.0,1321,5310.595484
325.0,1265,5336.189127
120.0,451,5344.919881
160.0,959,5364.240119
80.0,296,5370.143908
220.0,997,5390.106086
280.0,1556,5421.552732
220.0,1125,5444.134068
40.0,387,5451.847828
100.0,627,5464.542725
310.0,1558,5496.168741
90.0,404,5504.200597
150.0,935,5522.909707
190.0,862,5540.448776
370.0,1739,5575.622705
355.0,1526,5606.34166
175.0,1152,5629.456097
175.0,1605,5661.874368
310.0,1159,5685.346657
110.0,791,5702.781125
160.0,850,5721.85802
420.0,1642,5759.453874
235.0,1059,5783.351857
280.0,1117,5806.034185
70.0,479,5815.649469
190.0,901,5833.769766
175.0,985,5853.301012
205.0,1275,5878.949948
385.0,1652,5912.203132
340.0,1236,5937.343475
370.0,1412,5965.912158
50.0,379,5973.203044
70.0,760,5988.716275
160.0,820,6005.00832
80.0,434,6013.835324
140.0,732,6028.571987
120.0,519,6038.882353
130.0,815,6055.131915
160.0,884,6072.996282
280.0,1432,6101.917198
220.0,1026,6122.39459
220.0,986,6142.534972
150.0,961,6161.672594
120.0,516,6171.776324
190.0,990,6191.889467
370.0,1632,6224.737592
265.0,1138,6248.088282
175.0,1056,6269.181608
160.0,1064,6290.215362
150.0,1074,6312.081956
295.0,1004,6332.441332
80.0,509,6342.676903
370.0,1496,6372.962185
150.0,751,6387.939728
160.0,767,6403.569562
640.0,1733,6438.999647
880.0,1514,6469.445087
110.0,462,6478.656209
355.0,1637,6511.911592
130.0,595,6523.612659
130.0,583,6534.923026
80.0,627,6547.652281
150.0,1004,6567.796373
80.0,577,6579.258551
190.0,1279,6605.040823
110.0,646,6618.106555
355.0,1591,6650.438834
1040.0,1699,6684.727106
120.0,614,6696.887294
150.0,1133,6719.683447
250.0,1224,6744.334177
340.0,1179,6767.970886
280.0,1241,6792.83621
150.0,533,6803.429027
175.0,920,6821.770314
310.0,1008,6841.998733
295.0,1345,6868.736969
860.0,1855,6906.20335
100.0,514,6916.350613
520.0,1820,6953.2486
50.0,463,6962.515221
325.0,1074,6984.261175
160.0,985,7004.053223
110.0,767,7019.700199
310.0,1162,7042.945966
70.0,657,7056.295082
90.0,445,7065.106112
175.0,1159,7088.474928
110.0,712,7102.483571
310.0,1273,7128.342721
140.0,864,7145.833028
600.0,1434,7174.700466
280.0,1323,7201.471403
385.0,1831,7238.776077
140.0,659,7252.344319
280.0,825,7268.705579
150.0,603,7280.916502
370.0,1014,7301.126792
150.0,924,7319.603012
1240.0,1964,7359.6653
280.0,1368,7387.628932
140.0,1042,7408.909957
310.0,1465,7438.581836
325.0,1920,7477.437518
355.0,1829,7514.295621
265.0,881,7532.003272
280.0,1131,7554.872908
720.0,1644,7588.026293
205.0,1067,7609.553243
295.0,1357,7637.186018
1120.0,2234,7682.890311
295.0,1471,7712.565859
355.0,1686,7746.395262
160.0,1073,7768.061967
140.0,674,7781.701645
460.0,1730,7816.331893
150.0,808,7832.88033
250.0,1018,7853.53332
355.0,1471,7883.31764
235.0,982,7902.83277
355.0,1246,7927.480782
235.0,1238,7952.77066
265.0,1273,7978.386585
385.0,1644,8011.185352
295.0,1205,8035.270825
460.0,1500,8065.681962
340.0,1360,8093.265377
355.0,1314,8119.666193
325.0,1096,8141.415374
175.0,929,8160.361457
900.0,1848,8197.330378
580.0,1196,8221.099503
385.0,1627,8253.964459
265.0,1011,8274.292425
175.0,1144,8297.549833
2505.0,2965,8357.777955
370.0,1685,8391.585423
310.0,1215,8416.326481
740.0,1876,8454.184875
265.0,1402,8482.543558
295.0,1267,8508.251082
295.0,1010,8528.190761
150.0,715,8542.528334
100.0,745,8557.401264
1400.0,2556,8609.244627
175.0,1068,8630.809073
370.0,1337,8657.951915
280.0,1247,8683.127315
385.0,1535,8714.339903
1480.0,2629,8767.637536
280.0,1173,8791.277526
130.0,611,8803.640302
340.0,1282,8829.616558
680.0,1844,8867.611667
310.0,1136,8890.434525
295.0,1364,8917.96473
1620.0,2375,8966.722511
520.0,1500,8997.301726
110.0,531,9007.965121
640.0,1748,9043.002708
1200.0,2224,9087.584741
340.0,1211,9111.764584
1120.0,2129,9154.292277
60.0,260,9159.393368
1080.0,2258,9203.972825
780.0,1546,9235.037494
500.0,1644,9268.260401
175.0,956,9287.392005
295.0,1298,9313.747251
1260.0,2714,9368.852762
2120.0,2484,9419.40252
640.0,1849,9456.646785
840.0,2006,9496.630118
640.0,1924,9535.923491
1040.0,2540,9587.943421
150.0,632,9600.665678
190.0,896,9618.439939
1120.0,2048,9659.670533
460.0,2054,9701.025643
340.0,1405,9729.43963
800.0,2090,9771.482426
280.0,1395,9799.432801
310.0,1250,9824.470414
325.0,1425,9853.34549
400.0,1754,9888.821444
150.0,860,9905.844543
385.0,1559,9937.066841
560.0,1941,9976.462876
1500.0,2059,10018.04088
70.0,394,10025.783107
385.0,1543,10056.82864
980.0,1865,10094.202704
1700.0,2160,10137.965901
140.0,859,10155.3176
1440.0,3224,10220.722263
2160.0,2794,10277.669779
140.0,714,10292.152808
820.0,1622,10324.763177
500.0,1867,10362.104
325.0,1009,10382.173143
340.0,1139,10404.635945
400.0,1437,10433.800506
1840.0,2856,10491.350677
600.0,1889,10529.546417
150.0,913,10547.688759
3450.0,3291,10614.270191
600.0,1859,10651.970901
140.0,766,10667.461069
1920.0,2886,10725.95175
4010.0,3999,10807.049391
880.0,2204,10851.804034
1300.0,2318,10898.675676
1960.0,2757,10954.590473
1700.0,2319,11001.273134
1760.0,2063,11042.364294
1100.0,1747,11077.286095
780.0,1712,11112.301187
325.0,1354,11139.493146
340.0,1332,11166.309687
980.0,1796,11202.540056
340.0,1846,11239.502681
1120.0,2813,11296.122087
280.0,1412,11324.929043
1840.0,2460,11374.310603
1340.0,2454,11423.551561
620.0,1875,11461.278832
2690.0,2515,11511.756418
2000.0,3265,11577.965801
2465.0,3262,11643.305579
6260.0,5041,11745.803341
1160.0,1790,11781.655062
1360.0,2104,11823.786374
1000.0,2058,11865.370654
1080.0,1959,11904.319103
265.0,1129,11927.45696
4930.0,4505,12017.872255
150.0,602,12029.979432
2220.0,3194,12094.728956
1320.0,2274,12140.825086
1560.0,2190,12185.3206
340.0,1509,12215.711613
1280.0,2074,12257.778987
3535.0,3529,12329.386602
2040.0,2713,12383.167474
500.0,1829,12420.11317
2000.0,2595,12471.909523
1000.0,2054,12512.404626
1260.0,2499,12563.082278
2795.0,2763,12618.675525
1180.0,2135,12661.588815
6280.0,5484,12771.894284
385.0,1824,12808.39802
1360.0,2270,12854.320503
4420.0,4255,12939.569596
1920.0,2921,12997.978751
3100.0,3376,13065.322325
2585.0,4113,13148.489645
3060.0,3031,13209.355493
1780.0,2604,13262.018121
4930.0,3495,13331.955319
800.0,2356,13379.069915
820.0,1447,13407.441763
2580.0,2820,13463.992794
1820.0,2284,13509.591872
1960.0,2918,13567.505754
1240.0,2146,13610.579907
1080.0,2055,13651.973436
2240.0,3078,13713.205369
3620.0,3324,13780.456708
3635.0,3782,13856.449791
2185.0,2755,13912.263301
7080.0,5397,14021.036441
1640.0,2577,14072.67955
1520.0,2487,14122.416969
1720.0,2215,14166.622081
1720.0,2420,14215.262519
1060.0,1673,14248.721564
4130.0,4786,14345.661104
1720.0,2239,14391.200166
780.0,1619,14424.138909
1700.0,2394,14472.067275
820.0,1437,14500.696496
1780.0,2325,14546.747676
1060.0,1945,14585.809535
780.0,1366,14612.924572
1480.0,2466,14661.999924
5570.0,3569,14734.110325
660.0,1474,14763.400274
3810.0,4086,14845.508446
400.0,1889,14883.706226
680.0,1600,14915.881372
370.0,1303,14941.760853
3010.0,3041,15002.879178
3470.0,3236,15067.915025
2890.0,3062,15129.62367
2735.0,3878,15206.669226
1340.0,2412,15255.29181
3245.0,2891,15313.792954
2350.0,2724,15367.872561
1720.0,2453,15417.835438
1780.0,2610,15469.926311
1960.0,2387,15518.214935
1500.0,2659,15571.68163
520.0,1377,15599.149457
1580.0,2808,15655.401196
660.0,1428,15683.825529
1800.0,2493,15733.399643
4640.0,4240,15818.41702
1440.0,2223,15863.554652
1600.0,2146,15906.199976
1000.0,1642,15939.190412
1960.0,2716,15993.640884
1260.0,2297,16039.687003
6920.0,4629,16132.335804
1400.0,2581,16184.949976
3180.0,4057,16267.013126
6930.0,4223,16351.766039
1560.0,2352,16399.00533
1160.0,2326,16445.878431
2300.0,2786,16501.929911
3450.0,3199,16566.342412
4045.0,3545,16637.761323
1960.0,1999,16677.740903
2120.0,2910,16736.727617
385.0,1401,16764.990799
3435.0,3392,16833.286105
1500.0,2427,16882.028817
780.0,1760,16917.232489
1520.0,2338,16964.219162
2000.0,3244,17028.63159
2730.0,3116,17091.262532
2315.0,2759,17146.755392
1400.0,2216,17191.10428
4920.0,3700,17266.065258
2705.0,3313,17332.958943
1560.0,2175,17376.351306
120.0,580,17387.677983
1620.0,2208,17431.703077
1320.0,2787,17487.811803
3320.0,3876,17566.157735
1620.0,2046,17607.149251
1400.0,2115,17649.822659
3885.0,3487,17719.863714
1320.0,2297,17766.056385
1740.0,2696,17820.308528
110.0,1000,17840.133303
560.0,1474,17869.825741
325.0,1160,17893.341389
2470.0,2457,17943.766309
720.0,1784,17979.469631
7210.0,4957,18079.941406
2645.0,3128,18142.806339
1400.0,2037,18183.66779
1020.0,1688,18217.622057
3000.0,2877,18275.176266
6320.0,3984,18354.889115
580.0,1513,18385.421026
2135.0,2948,18444.869849
325.0,1151,18468.093386
980.0,1901,18506.07969
4150.0,3831,18583.351883
2660.0,3271,18649.185487
940.0,1971,18688.366831
1480.0,2427,18736.921216
5590.0,3661,18809.90683
4800.0,4060,18891.535148
1160.0,2169,18935.037819
3770.0,3381,19003.265956
4950.0,4173,19087.773447
2700.0,2824,19144.351187
2980.0,3844,19221.986624
5930.0,4466,19312.597547
1480.0,2440,19362.262863
4340.0,3692,19435.77925
4855.0,5064,19537.030882
1500.0,2169,19580.214252
1720.0,2010,19620.057066
5250.0,4680,19714.574154
1260.0,2070,19755.669036
1560.0,2114,19798.369665
2490.0,2774,19853.844438
3525.0,3607,19926.551031
3315.0,3871,20004.874524
1160.0,1993,20044.90999
4940.0,4314,20132.146392
1320.0,1769,20167.278099
1800.0,2371,20214.928616
5400.0,4115,20297.955908
3390.0,3471,20367.597939
1920.0,2483,20417.379928
3750.0,3422,20486.095755
3530.0,2970,20546.03665
7550.0,5143,20650.125849
440.0,1626,20682.806883
1840.0,2375,20730.173191
3335.0,2950,20789.884668
7140.0,4871,20888.313824
3555.0,3369,20955.837625
4250.0,3941,21035.033939
1840.0,3028,21095.450006
2000.0,2632,21147.931226
5090.0,4111,21230.307643
4850.0,3991,21310.456791
4275.0,4188,21394.671747
1920.0,2817,21451.026259
3950.0,4102,21533.030246
3025.0,3273,21598.213709
4060.0,3703,21673.502155
1540.0,2125,21716.360757
5500.0,3708,21790.476285
5130.0,4383,21879.01423
1040.0,1727,21914.066945
5240.0,3720,21989.540224
4820.0,3938,22068.227619
1080.0,1650,22101.315927
3995.0,3924,22180.299853
4000.0,3700,22254.780341
7010.0,4402,22343.283624
1580.0,2174,22386.742438
7140.0,5118,22488.930043
1880.0,2597,22541.550114
2155.0,2830,22598.172497
1500.0,1839,22635.110701
5310.0,3969,22715.158132
3160.0,3059,22777.053914
3945.0,3596,22849.768138
4350.0,3771,22925.931346
2550.0,2893,22983.970673
4750.0,3557,23055.424025
500.0,1340,23082.476272
4850.0,3989,23162.529587
5890.0,3935,23241.86977
3080.0,3089,23304.571687
5380.0,4824,23401.197338
6160.0,4142,23484.398286
5200.0,4004,23564.390753
2325.0,2953,23623.903337
6820.0,4565,23715.335947
4640.0,3572,23786.318362
5260.0,3742,23861.674957
140.0,771,23876.941326
5470.0,4195,23960.805254
1620.0,2267,24006.669483
1180.0,1920,24044.925033
5670.0,4974,24146.121012
480.0,1532,24177.125637
5360.0,3734,24251.425303
2065.0,2616,24304.121548
3925.0,3297,24370.491966
3890.0,3555,24441.385093
920.0,1840,24477.756241
5180.0,3638,24551.149466
325.0,1588,24582.918675
4700.0,3840,24660.545901
3440.0,3349,24727.600288
3620.0,3503,24798.668248
2120.0,2668,24852.259058
1440.0,1708,24886.234363
5400.0,3858,24964.063339
1600.0,2258,25009.034836
4935.0,3729,25083.928509
325.0,1269,25109.905293
3470.0,3587,25181.827521
190.0,912,25199.919034
1580.0,2256,25244.789252
8330.0,5025,25345.531132
11100.0,6594,25479.296314
6040.0,3982,25558.979088
3870.0,3321,25625.218428
8085.0,4936,25724.512585
5090.0,3641,25797.50342
2760.0,3634,25870.765518
4300.0,3835,25947.808965
1640.0,2299,25993.859277
205.0,789,26009.526448
6050.0,4420,26098.496147
2755.0,2610,26150.971419
5040.0,4090,26233.292174
5720.0,4582,26325.501386
2850.0,2938,26384.555509
1840.0,2466,26433.846596
7150.0,4770,26530.771866
2905.0,3066,26592.588107
3880.0,3887,26671.259101
5150.0,4394,26759.578004
3705.0,4089,26841.624802
8010.0,4818,26938.945156
7680.0,4746,27033.871131
6410.0,5368,27143.674099
5160.0,4263,27228.844792
310.0,1135,27251.644549
4740.0,3585,27323.0046
4730.0,4020,27403.223038
1580.0,1826,27439.664177
5430.0,3830,27517.236001
6740.0,4583,27609.235699
1320.0,2084,27651.108862
4920.0,3745,27726.566
7880.0,5505,27837.55189
5080.0,3494,27907.542555
1580.0,2260,27953.049609
7690.0,4953,28053.202631
6890.0,4735,28148.367667
120.0,577,28159.986602
4140.0,3462,28229.763182
1680.0,2603,28281.691407
960.0,1814,28318.135939
2830.0,2989,28378.712127
4850.0,4192,28462.172912
6980.0,4900,28560.291465
8305.0,6431,28690.329426
7110.0,5133,28793.856298
8110.0,5163,28897.425157
4810.0,4019,28978.412744
2630.0,2527,29029.872265
4060.0,3309,29096.508064
4375.0,3884,29175.881806
4770.0,3253,29241.455688
3920.0,3206,29305.538674
6875.0,4525,29396.400191
5920.0,4378,29485.108511
2260.0,2531,29536.014752
8545.0,4737,29630.903577
2080.0,2803,29687.296758
6695.0,5614,29800.388391
7265.0,4920,29899.176779
8325.0,4513,29989.765552
6510.0,4072,30071.655435
5270.0,5120,30174.583143
2710.0,2416,30222.777896
2000.0,2509,30273.032711
5510.0,4361,30361.187023
8660.0,5224,30466.058879
7745.0,4519,30556.36201
8060.0,4532,30647.150874
6530.0,3857,30724.944592
4690.0,3666,30798.207309
9775.0,5411,30905.575712
6200.0,4437,30995.0371
7700.0,5159,31098.616824
4900.0,4040,31179.678871
8325.0,5601,31292.687561
8310.0,4930,31392.994311
6040.0,3879,31470.855028
8280.0,4796,31567.335889
7520.0,4276,31652.135038
6210.0,4243,31736.858617
5540.0,4478,31827.956176
1600.0,2269,31873.307305
1780.0,1702,31907.346753
4150.0,3456,31976.902257
9105.0,5106,32079.486606
4420.0,3709,32152.941145
7785.0,5379,32260.762313
19860.0,9664,32455.181829
8095.0,5512,32565.791725
2930.0,2728,32621.140714
1060.0,1470,32650.285936
5440.0,3854,32726.960265
8890.0,5586,32839.357539
3275.0,3151,32902.216691
130.0,409,32910.340951
5060.0,3388,32978.515949
6790.0,4534,33069.486905
2325.0,3107,33132.597118
8800.0,5197,33236.738164
3760.0,3249,33302.074894
1920.0,1794,33337.787595
8155.0,5447,33447.343838
6480.0,4726,33542.477161
8570.0,5949,33663.096371
1940.0,2404,33711.309956
7135.0,6077,33833.406215
3535.0,3069,33895.594966
7715.0,4420,33984.11364
4780.0,3747,34058.930251
1380.0,1915,34097.626434
7245.0,5041,34198.828105
6170.0,3817,34276.122967
8685.0,5670,34390.77512
220.0,739,34405.606256
7080.0,4515,34497.049348
8760.0,5913,34615.565526
7380.0,4612,34708.532414
6450.0,3767,34784.622614
6945.0,4148,34867.77677
8870.0,5288,34974.325175
2160.0,2901,35032.349789
1840.0,2035,35072.730451
9770.0,6211,35196.211536
3920.0,3000,35256.536602
4730.0,3886,35334.40043
7200.0,4491,35425.122344
10195.0,5271,35531.218889
10510.0,6739,35667.102026
8020.0,4650,35760.978198
3325.0,2902,35819.455038
7810.0,5632,35933.03464
7575.0,4839,36030.915262
11160.0,5988,36150.437191
370.0,1439,36179.433887
3300.0,3238,36244.234106
8405.0,5615,36357.632395
6490.0,4445,36447.399135
5490.0,4264,36533.115603
6990.0,4636,36626.729951
4570.0,3641,36699.545074
6975.0,4418,36788.673623
1740.0,2207,36832.515539
5130.0,3804,36908.733688
880.0,1520,36938.946265
9800.0,6281,37065.990761
7825.0,5234,37171.006124
4750.0,3792,37247.058986
7770.0,4975,37346.653827
10050.0,6940,37486.473138
8215.0,5359,37594.774585
7315.0,5196,37699.200785
6530.0,4534,37790.861633
6610.0,4430,37879.490114
5790.0,4240,37964.432038
9655.0,5193,38069.582812
9600.0,5617,38182.588657
8130.0,5524,38293.577052
2755.0,2620,38346.756047
9135.0,6301,38473.895123
3355.0,3098,38536.917157
8370.0,5073,38639.096409
5370.0,3933,38718.357417
6030.0,4727,38813.269974
10920.0,6315,38940.642894
9465.0,6170,39064.618596
8700.0,5616,39179.020066
8080.0,5287,39286.51353
2500.0,2517,39337.048611
2510.0,3063,39399.324332
11020.0,5904,39518.706858
4290.0,2882,39576.816922
7755.0,4802,39673.979563
4360.0,2869,39731.997653
7345.0,4423,39821.06831
2460.0,2667,39874.540126
6910.0,4363,39962.022515
1800.0,2007,40002.019124
5480.0,4095,40084.938772
6210.0,4052,40166.464699
9210.0,6283,40293.217973
3485.0,3460,40363.069327
5320.0,3840,40440.513757
9640.0,5713,40555.041605
4960.0,3785,40631.316948
7110.0,4205,40715.861821
11010.0,6709,40851.003134
6325.0,3797,40927.564031
6640.0,4293,41014.121384
7720.0,4812,41110.073963
1860.0,2121,41152.619794
5380.0,3602,41224.587194
8670.0,5636,41337.686328
7305.0,4320,41424.923999
7660.0,5350,41533.143056
9215.0,5426,41641.691841
9235.0,5053,41743.909814
4010.0,3695,41817.992842
7635.0,4094,41900.652956
4890.0,3811,41976.923737
8425.0,5933,42096.199963
7525.0,4829,42193.153887
7000.0,4713,42286.994196
8590.0,5605,42398.90937
7670.0,4570,42490.871846
5810.0,4162,42574.266659
6170.0,4860,42672.662773
9565.0,5234,42777.157478
9475.0,5295,42883.162261
8390.0,5473,42992.752691
4100.0,3247,43058.271616
9670.0,5296,43165.214775
7615.0,4572,43257.254248
5180.0,3663,43331.217768
6360.0,4284,43417.855514
7705.0,4314,43504.561888
5040.0,3933,43583.742927
6160.0,4193,43668.488961
7125.0,5057,43770.378351
6820.0,4211,43854.648404
7385.0,4241,43939.405791
4230.0,3206,44003.606148
6830.0,4578,44095.436807
7615.0,5190,44199.875549
2400.0,3070,44261.239799
7110.0,4081,44343.073987
9220.0,5601,44455.312669
8120.0,6173,44578.994461
140.0,697,44592.888144
9745.0,5614,44706.124339
9430.0,6136,44829.525329
5690.0,3685,44903.233042
5400.0,4009,44983.303339
10200.0,5609,45095.667581
9825.0,5424,45204.600639
5800.0,3513,45275.160496
21150.0,10028,45477.927558
15650.0,9193,45664.063195
2455.0,2503,45714.231584
8445.0,4622,45807.302675
8170.0,5018,45908.855326
5370.0,4692,46003.285972
8635.0,5669,46117.709574
5620.0,3533,46188.449744
8450.0,5898,46307.458772
9095.0,5957,46426.521882
295.0,1692,46460.629604
17110.0,9544,46653.18031
8980.0,4955,46752.849085
9405.0,5220,46857.418111
9575.0,5890,46975.708667
6520.0,4368,47063.394932
8550.0,4764,47160.082364
13760.0,6311,47287.501695
8690.0,5293,47394.045457
13965.0,6942,47533.788182
6400.0,3980,47613.518718
7080.0,4197,47697.833874
9590.0,5528,47809.898541
2980.0,3191,47873.938965
10010.0,5185,47978.58476
7310.0,4100,48062.032026
9135.0,5429,48170.20818
9850.0,5973,48290.210222
8310.0,5747,48405.467828
7965.0,4829,48502.109702
5420.0,3706,48576.796379
11810.0,5297,48683.55198
6340.0,4634,48776.862938
8820.0,4813,48874.086543
3710.0,2548,48925.494839
2445.0,2542,48976.893817
9385.0,5939,49096.539406
740.0,1403,49124.517382
250.0,890,49142.002065
6660.0,4201,49226.283329
7145.0,4209,49312.08338
9755.0,5075,49415.20894
12695.0,7007,49555.803335
11680.0,6601,49689.01998
6250.0,3920,49767.626237
8125.0,4718,49862.703615
6420.0,4144,49945.516105
8870.0,4940,50044.853399
8815.0,5025,50146.740989
1960.0,2116,50188.76737
18370.0,9095,50371.730832
4840.0,3324,50438.607547
7010.0,4052,50519.918494
7030.0,4726,50614.67775
2220.0,3090,50676.486189
6510.0,3754,50751.877523
10950.0,6642,50885.53457
11080.0,7619,51039.006066
9840.0,5384,51147.115854
1600.0,2344,51194.22189
8630.0,4877,51292.372287
12830.0,6735,51428.024744
9095.0,5460,51537.879081
12510.0,5955,51657.720547
28170.0,10431,51868.233417
9215.0,5738,51983.898592
1920.0,2145,52026.943884
1100.0,1817,52063.105656
12270.0,6887,52201.592132
2850.0,2818,52258.625106
4200.0,3545,52330.180279
8515.0,5371,52438.851122
12320.0,7084,52581.636667
9260.0,5576,52693.810627
23450.0,9999,52895.759967
8535.0,5573,53008.193448
7485.0,4642,53102.16419
8925.0,5124,53206.113332
9120.0,5746,53322.164549
9245.0,4832,53419.492504
14660.0,6127,53542.673118
8845.0,5752,53658.235431
8345.0,4515,53749.103004
5280.0,3844,53826.806876
9505.0,5601,53940.059352
7380.0,4437,54029.323642
9595.0,5633,54143.415012
5020.0,3087,54205.07743
5250.0,4094,54288.035849
6730.0,3814,54364.665417
5820.0,3706,54439.838177
5100.0,3511,54510.789557
8520.0,5329,54617.555074
7265.0,4341,54704.826098
8365.0,5130,54808.291684
6040.0,4237,54893.815102
17020.0,7850,55051.475384
6200.0,4282,55136.715716
11990.0,6754,55272.912219
5980.0,3675,55346.448064
5400.0,3867,55424.799913
9235.0,6163,55549.141804
27290.0,11740,55785.930436
10005.0,5448,55895.238413
5570.0,4227,55980.218204
1840.0,2150,56023.688425
7390.0,4741,56119.177805
9020.0,4923,56218.442172
7410.0,4505,56308.563971
11700.0,6534,56440.564268
7120.0,4597,56533.451214
9520.0,5403,56643.435007
5160.0,3430,56712.369453
8170.0,4700,56806.546333
9865.0,5034,56907.409906
12140.0,6806,57044.124269
10540.0,6156,57167.856155
7765.0,5156,57272.200069
9390.0,5667,57386.322072
6750.0,3923,57465.720301
5400.0,3930,57544.524079
15630.0,7337,57692.223835
8370.0,5271,57798.532975
28865.0,11402,58029.336673
11005.0,5718,58143.976735
43890.0,16120,58468.924818
7430.0,4164,58552.743945
9945.0,5721,58667.248348
6590.0,4159,58752.231876
25150.0,11651,58986.614516
250.0,796,59002.330891
2160.0,2291,59048.126373
20670.0,9061,59231.524081
4680.0,3402,59300.164141
25350.0,10300,59506.884254
3290.0,2729,59561.683221
8545.0,5203,59666.780607
9075.0,5294,59773.115865
9425.0,5183,59878.789721
8705.0,5580,59991.166863
7485.0,4267,60076.73027
13330.0,6940,60216.6878
7040.0,5019,60317.117556
5080.0,3715,60391.485316
1940.0,2262,60436.829253
9580.0,5380,60545.559173
11600.0,5340,60652.008717
5520.0,3532,60723.129162
10095.0,5572,60835.763801
26350.0,11105,61058.133655
12390.0,6835,61196.160331
7890.0,4621,61289.411621
6880.0,3851,61366.917268
9955.0,5552,61479.101053
27880.0,10537,61690.904454
5320.0,3566,61762.308245
10520.0,5515,61873.563373
205.0,761,61888.765577
8795.0,4735,61984.184686
4870.0,3332,62050.65363
48085.0,18150,62416.226248
8460.0,5373,62524.882378
6130.0,3968,62604.434451
8705.0,5332,62712.067456
8980.0,5234,62817.499541
5920.0,3735,62893.108785
2000.0,2290,62939.488778
23100.0,10451,63149.985677
8435.0,4700,63244.668425
9410.0,4876,63342.553835
20095.0,8109,63505.886001
9800.0,4970,63605.399004
12080.0,6493,63735.994025
12910.0,6902,63874.629223
17120.0,7341,64022.374329
28020.0,12033,64264.454597
26245.0,11616,64497.806064
22440.0,10582,64710.804938
28490.0,10967,64931.370412
10980.0,6230,65057.792364
9370.0,4828,65154.675484
680.0,1313,65181.229687
3055.0,2626,65233.905742
47600.0,17624,65589.591227
480.0,1277,65615.219472
17590.0,8128,65779.414601
17500.0,7449,65929.506819
41260.0,16631,66264.434897
8370.0,5147,66369.244884
9345.0,4921,66468.530931
8265.0,5504,66578.728552
8490.0,4622,66671.126178
5910.0,3923,66750.045685
19460.0,8025,66912.955609
8280.0,4865,67011.333992
7885.0,4688,67105.364417
1120.0,2393,67153.061612
12920.0,6779,67289.979101
5910.0,4142,67373.001662
1560.0,2541,67424.10734
8875.0,5002,67525.294418
28470.0,11953,67766.149087
17060.0,8456,67936.684641
11510.0,5246,68042.307261
7045.0,4418,68130.941628
19475.0,8678,68306.877069
25250.0,10554,68519.307777
10390.0,5500,68630.293973
12310.0,6270,68757.378906
9395.0,5522,68868.860873
9595.0,5336,68976.586558
24700.0,9679,69171.34874
9695.0,5066,69273.226611
8785.0,5295,69380.787299
19030.0,8154,69546.360284
6270.0,3600,69619.048607
9540.0,5003,69720.011109
28240.0,11067,69942.801381
1400.0,2117,69985.231096
33355.0,14853,70285.956245
12410.0,5693,70400.022087
25715.0,11017,70622.442513
10360.0,5078,70724.777499
29000.0,11925,70965.043638
10810.0,5771,71080.54748
11080.0,6677,71215.063172
10240.0,5699,71329.300178
16780.0,7604,71482.803369
24810.0,10541,71693.780988
62110.0,24000,72177.739285
16820.0,7521,72330.180231
43540.0,16589,72664.236142
680.0,1490,72693.894886
9960.0,5259,72800.791748
7120.0,4059,72882.653754
6400.0,3986,72962.605467
6030.0,4302,73049.455634
6800.0,3596,73122.004988
6930.0,4514,73212.831244
2705.0,2296,73258.929727
9970.0,5286,73365.4654
19180.0,8272,73531.973663
14385.0,7047,73673.076209
33610.0,12902,73933.329777
10390.0,5120,74035.740485
21630.0,9554,74228.948917
26185.0,10641,74444.546908
10080.0,5329,74551.209845
17680.0,7755,74707.567742
11390.0,5929,74826.671969
15460.0,6475,74956.86965
18450.0,7182,75102.156304
23060.0,10565,75314.451697
12180.0,5962,75434.517454
9355.0,5504,75546.444934
11690.0,5858,75664.405951
7060.0,3913,75742.502171
9905.0,5687,75857.165986
19855.0,7967,76018.015488
10205.0,5033,76119.44613
10515.0,5088,76221.684864
10180.0,5015,76322.648986
13905.0,7612,76475.926961
13275.0,6990,76616.609425
13020.0,6168,76740.077718
31050.0,11802,76978.857019
34890.0,13046,77241.278812
1880.0,2311,77287.63913
12410.0,6419,77416.87704
9185.0,4909,77515.910153
7615.0,4095,77597.840191
23460.0,9658,77791.897829
8385.0,4732,77886.63886
28990.0,12406,78136.708803
12280.0,5909,78255.204196
35790.0,14251,78541.036762
8595.0,5316,78648.226384
8435.0,4561,78740.682411
940.0,1646,78773.515005
11030.0,5454,78884.184508
6730.0,3567,78955.692314
35150.0,12494,79206.225899
9840.0,5802,79323.777514
5510.0,3814,79399.906821
32515.0,12176,79646.444377
10750.0,5179,79750.70902
12020.0,6027,79872.351912
36320.0,14059,80155.187397
1320.0,1515,80185.326466
11180.0,5821,80302.715274
15510.0,6644,80434.849208
28175.0,10924,80655.964577
12500.0,6154,80780.756932
10135.0,4851,80878.125459
9985.0,5256,80982.968804
8415.0,5096,81085.530128
12580.0,5765,81201.845227
29310.0,12655,81457.064681
17190.0,7465,81605.976503
4980.0,3132,81669.15643
1580.0,2076,81710.730017
30705.0,12474,81964.434078
8160.0,4617,82057.3225
7365.0,5090,82160.171642
45105.0,16950,82503.160576
23100.0,8974,82683.300011
6920.0,4005,82764.038474
37660.0,13604,83038.967715
36220.0,13589,83311.973701
27385.0,11556,83544.637041
15865.0,7493,83695.371651
5520.0,3691,83769.714536
12700.0,5910,83888.027983
14480.0,6987,84028.489713
6330.0,3941,84107.431641
9830.0,4645,84201.252693
11940.0,5926,84320.233735
12050.0,6109,84443.091112
40400.0,14689,84737.743835
1520.0,1767,84772.804606
17760.0,8472,84943.456145
