#{"env_id": "DemonAttackNoFrameskip-v4", "gym_version": "0.9.2", "t_start": 1513095679.2035763}
r,l,t
190.0,1969,26.42899
100.0,640,34.214978
235.0,1729,55.98908
140.0,992,68.47895
205.0,1027,81.504415
235.0,1131,95.759861
295.0,2284,124.487004
130.0,2542,156.769726
250.0,1134,170.811549
220.0,1061,184.003818
250.0,971,195.983698
175.0,744,205.209632
140.0,959,217.106962
120.0,594,224.584561
80.0,571,231.660668
160.0,838,242.203332
190.0,1103,256.003789
120.0,1035,268.890651
280.0,2011,294.098197
110.0,723,303.119184
235.0,1333,319.848292
175.0,1091,333.699259
140.0,646,341.801198
100.0,563,349.134393
110.0,770,358.710042
130.0,929,370.490243
205.0,1202,385.7241
175.0,736,394.964818
140.0,806,404.948494
30.0,293,408.654722
250.0,944,420.430942
90.0,391,425.25179
80.0,850,436.090856
130.0,661,444.443568
295.0,1124,458.53909
100.0,524,464.98403
500.0,2518,497.01684
235.0,1022,509.689594
265.0,2229,537.654198
355.0,1393,555.151628
160.0,1209,570.32838
100.0,744,579.817964
110.0,722,588.734111
190.0,1288,605.016372
120.0,542,611.691167
205.0,918,623.357075
310.0,1646,644.003858
100.0,409,648.927491
90.0,466,654.783984
265.0,1179,669.427274
90.0,560,676.45457
110.0,487,682.517131
150.0,734,691.768011
70.0,365,696.275563
250.0,995,708.665305
480.0,1407,726.291821
150.0,995,738.708247
150.0,1010,751.596356
175.0,911,763.106875
175.0,945,774.922281
130.0,830,785.191744
310.0,1182,800.180001
100.0,658,808.470995
20.0,331,812.573165
80.0,366,817.249789
310.0,1052,830.342699
235.0,1132,844.291737
250.0,896,855.493418
130.0,721,864.424022
370.0,1666,885.335052
140.0,723,894.334518
160.0,740,903.624888
480.0,2466,934.597791
355.0,1299,951.01445
190.0,869,962.071882
190.0,907,973.425275
355.0,1441,991.479623
295.0,1675,1012.538684
120.0,715,1021.346275
190.0,870,1032.228925
295.0,1378,1049.402237
160.0,896,1060.695894
235.0,1026,1073.485468
205.0,924,1085.001271
340.0,1526,1104.126006
205.0,962,1116.220044
1360.0,2727,1150.215084
190.0,1167,1164.803846
130.0,675,1173.286309
480.0,1437,1191.228382
140.0,878,1202.171733
370.0,1173,1216.841882
150.0,819,1227.012006
355.0,1289,1243.227218
140.0,656,1251.463747
295.0,1390,1268.722761
385.0,1538,1288.059004
385.0,1265,1303.984641
520.0,1711,1325.489301
720.0,2135,1352.434386
1160.0,2086,1378.611305
100.0,420,1383.948412
355.0,1327,1400.754352
920.0,1947,1425.367319
2550.0,2723,1459.52929
355.0,962,1471.458018
780.0,2088,1497.727605
60.0,357,1502.124765
1700.0,2575,1534.244492
140.0,733,1543.461252
100.0,794,1553.254852
325.0,1346,1570.006957
310.0,1240,1585.516879
265.0,1582,1605.072143
440.0,1421,1623.033955
1680.0,2508,1654.490032
960.0,2417,1684.458902
355.0,939,1696.062696
640.0,1653,1716.638849
720.0,1659,1737.166665
740.0,2030,1762.357129
1500.0,2727,1796.442125
420.0,1753,1818.380357
385.0,1377,1835.840251
2070.0,2360,1865.52617
130.0,716,1874.381541
400.0,1437,1892.2871
980.0,2109,1918.968704
400.0,1485,1937.489613
90.0,556,1944.441293
1160.0,2105,1970.704443
820.0,1521,1989.716267
2605.0,2709,2023.910979
140.0,623,2031.639716
920.0,2116,2058.14259
295.0,1117,2072.030596
175.0,864,2082.904338
325.0,1262,2098.629084
520.0,1779,2120.770235
1740.0,2990,2158.200051
1220.0,2124,2184.879989
295.0,1103,2198.519175
110.0,655,2206.64118
420.0,1553,2226.025171
220.0,960,2238.005455
1400.0,2689,2271.736554
420.0,1409,2289.456301
600.0,1896,2313.060766
480.0,1843,2335.99638
340.0,1335,2352.817275
2470.0,2982,2390.35778
440.0,1482,2408.979328
1140.0,1979,2433.611334
370.0,1528,2452.742022
1420.0,2210,2480.458268
3475.0,3293,2521.946233
150.0,514,2528.277564
1360.0,2175,2555.428619
1260.0,1981,2579.917615
295.0,1171,2594.488385
340.0,1310,2610.948265
1180.0,2265,2639.130735
400.0,1159,2653.736202
1420.0,1867,2677.257848
1580.0,2097,2703.890302
1800.0,2087,2730.132829
130.0,729,2739.1832
1160.0,2556,2770.912858
340.0,1708,2792.150142
90.0,487,2798.235013
620.0,1964,2822.685345
980.0,1847,2845.752508
1280.0,2020,2870.882363
2320.0,3437,2914.026314
355.0,1270,2930.060455
1480.0,2482,2961.146921
600.0,2060,2986.742214
480.0,1582,3006.421544
2120.0,2381,3036.297282
355.0,1442,3054.149823
1260.0,2356,3083.551397
2280.0,2537,3115.383838
580.0,1463,3133.589991
480.0,1705,3154.957448
1000.0,1992,3179.698163
110.0,561,3186.59584
150.0,777,3196.297985
2070.0,2815,3231.672068
3420.0,3286,3272.876322
760.0,1502,3291.95968
640.0,3277,3333.158624
1620.0,2103,3359.442151
1080.0,1848,3382.624271
120.0,563,3389.822952
150.0,605,3397.402853
355.0,1327,3414.040685
3590.0,3661,3460.030961
100.0,467,3465.733241
385.0,1140,3479.860985
130.0,551,3486.783946
130.0,789,3496.7591
1280.0,2166,3523.922761
440.0,1971,3548.469879
325.0,1351,3565.225415
4085.0,3823,3613.180209
1520.0,2418,3643.393713
325.0,1078,3656.93246
1080.0,1971,3681.413403
110.0,554,3688.27188
1540.0,2458,3719.46525
150.0,733,3728.687149
205.0,1004,3741.312199
235.0,732,3750.585809
1640.0,1969,3775.195383
130.0,686,3783.716645
1400.0,2321,3812.70408
340.0,1273,3828.617015
2120.0,2993,3866.273835
1080.0,1792,3888.719599
680.0,1236,3904.133711
1500.0,2014,3929.245505
1020.0,1594,3949.003514
1800.0,2370,3978.576418
1860.0,2662,4012.083112
70.0,277,4015.449853
900.0,1774,4037.589884
4850.0,3915,4086.644916
190.0,792,4096.449341
1200.0,1521,4115.512877
1880.0,2790,4150.688991
480.0,1933,4174.927497
150.0,540,4181.564953
1160.0,1634,4201.896698
160.0,852,4212.478296
150.0,837,4223.061395
1140.0,2000,4248.186763
1060.0,1477,4266.566497
5200.0,4269,4320.328398
1400.0,2088,4346.541448
820.0,2067,4372.421997
1780.0,2705,4406.622414
325.0,1272,4422.497979
1080.0,1783,4444.702688
1960.0,2547,4476.692255
110.0,493,4482.846182
1180.0,2170,4510.100063
1500.0,2291,4538.717527
620.0,1416,4556.451055
5190.0,4101,4607.666142
3380.0,3285,4649.208554
980.0,1817,4671.813306
2295.0,3396,4714.201311
580.0,1875,4737.61997
2120.0,2710,4771.668305
1720.0,2234,4799.853698
640.0,1754,4822.017005
280.0,872,4832.969329
1930.0,3109,4872.150856
860.0,1687,4893.145386
1800.0,2729,4927.184477
340.0,859,4937.845462
520.0,1595,4957.77274
130.0,656,4966.006997
880.0,1931,4990.073595
3355.0,3351,5032.293783
400.0,1725,5053.78339
140.0,528,5060.380232
130.0,765,5069.868027
340.0,1077,5083.200068
1980.0,2374,5112.94292
1740.0,2233,5140.811353
4380.0,3613,5186.106991
3650.0,3789,5233.76685
110.0,387,5238.512547
4160.0,3608,5283.823281
80.0,439,5289.288092
700.0,1560,5308.852703
355.0,1418,5326.648102
1760.0,1792,5349.285464
2350.0,2618,5382.301519
580.0,1840,5405.637955
1380.0,2245,5433.771983
2040.0,2135,5460.34611
295.0,1129,5474.457451
760.0,1713,5495.878923
640.0,1323,5512.593438
1980.0,2263,5540.948128
1120.0,1596,5560.981416
2630.0,2572,5593.315201
860.0,1453,5611.575313
940.0,1780,5633.816056
310.0,1155,5648.261323
2880.0,2331,5677.711168
1840.0,2308,5706.563206
640.0,1594,5726.467112
3140.0,3137,5765.810865
1240.0,2217,5793.571031
3570.0,3943,5843.029397
1580.0,1906,5867.034798
2745.0,2675,5900.45118
70.0,316,5904.314542
1400.0,2175,5931.714356
1500.0,1945,5956.154594
3000.0,2893,5992.757384
5070.0,4125,6044.588752
4270.0,3355,6086.632626
2970.0,3067,6125.2635
1660.0,2722,6159.498829
110.0,582,6166.872728
110.0,508,6173.109804
2020.0,2152,6200.254189
2935.0,2915,6236.967241
205.0,931,6248.90769
205.0,680,6257.460896
3250.0,3915,6306.620604
4810.0,4281,6360.375219
3215.0,3098,6399.01761
370.0,1323,6415.543676
3415.0,2986,6452.871303
4430.0,6301,6531.827624
2000.0,2952,6569.173006
340.0,976,6581.235953
1280.0,1874,6604.864881
3990.0,3523,6649.028493
1840.0,2363,6678.428497
3625.0,3246,6719.092344
3325.0,2886,6755.054332
1540.0,2016,6780.464792
1280.0,2383,6810.503645
1040.0,1635,6830.92941
660.0,1591,6850.578587
3035.0,2982,6887.394183
4360.0,3242,6928.138879
4010.0,4322,6982.125389
2240.0,2548,7014.191247
420.0,1558,7033.530594
205.0,656,7041.571958
295.0,1145,7056.043414
3090.0,3528,7100.471901
190.0,855,7111.256412
1660.0,2806,7146.13838
5030.0,4647,7204.224047
1580.0,2182,7231.384409
1660.0,2396,7261.252413
5970.0,4256,7314.482848
310.0,930,7326.073844
820.0,2217,7353.802487
2440.0,2709,7387.609686
1880.0,2175,7414.657297
2435.0,3019,7452.466963
3750.0,3002,7489.970759
130.0,775,7499.591628
2850.0,2676,7533.368414
4330.0,2965,7570.474564
2250.0,2286,7598.93977
2330.0,2568,7631.050717
4310.0,3596,7675.664366
1820.0,2118,7702.164793
1680.0,2718,7735.871107
3690.0,3160,7775.070147
6210.0,4111,7826.291412
2730.0,2880,7862.223231
4360.0,3290,7903.184369
4350.0,3473,7946.606262
4740.0,3654,7992.121148
4110.0,3165,8031.687831
2290.0,2972,8069.165831
7225.0,4685,8128.172751
7245.0,4695,8186.88875
1560.0,2361,8216.276427
2250.0,2868,8252.173718
1920.0,2642,8285.25084
4570.0,3582,8330.219675
4140.0,3836,8378.172173
1540.0,2287,8406.871984
1340.0,1934,8431.206223
1380.0,2018,8456.562326
3190.0,3130,8495.605032
5050.0,3198,8535.839803
7015.0,5408,8603.40792
6560.0,4148,8655.03578
4145.0,3669,8701.232051
5930.0,4432,8757.046701
1080.0,1741,8778.726773
640.0,1518,8797.595502
2340.0,2975,8834.825902
4650.0,3457,8878.249481
4320.0,3756,8925.207644
2345.0,2328,8953.974577
2790.0,2479,8984.887987
1540.0,2533,9016.494683
4870.0,3845,9064.272881
5230.0,4508,9120.475963
6120.0,4512,9176.924299
4760.0,4293,9230.306183
5780.0,3248,9270.975603
1540.0,2133,9297.755313
1320.0,1579,9317.465661
8170.0,5668,9388.413803
1740.0,2265,9416.879315
2260.0,2210,9444.613846
5820.0,4777,9504.582482
5200.0,3803,9552.259145
4290.0,3167,9592.167699
5190.0,3721,9638.709851
1600.0,2135,9665.545129
6730.0,4940,9727.448315
5810.0,4148,9779.350403
5320.0,3783,9826.522674
1460.0,1983,9851.320252
2610.0,3387,9893.708306
1700.0,2124,9920.175319
4260.0,3216,9960.204855
3115.0,3272,10001.165709
6860.0,4681,10059.677592
1800.0,2811,10094.954584
3635.0,3093,10133.621809
3425.0,2946,10170.563663
5270.0,3773,10217.508914
4190.0,3132,10257.003227
1380.0,2461,10287.734614
420.0,1296,10303.862677
7545.0,5042,10366.500786
5600.0,4105,10417.828096
1300.0,2218,10445.608696
2155.0,3079,10484.271235
500.0,1437,10501.897943
4390.0,3317,10543.648438
5450.0,3568,10587.951297
2405.0,2579,10620.391946
6290.0,4690,10679.176637
2140.0,2356,10708.571355
2000.0,2472,10739.442954
4610.0,4042,10790.033859
1920.0,2133,10816.657851
2930.0,2621,10849.448381
8475.0,4673,10907.971682
1740.0,2241,10936.323966
1500.0,2212,10964.241123
90.0,385,10969.042075
355.0,973,10981.180257
5120.0,4028,11031.864332
8290.0,4653,11090.317885
1900.0,2389,11120.022897
8020.0,5259,11186.245448
2790.0,2635,11219.244473
5260.0,4418,11274.405375
3400.0,2893,11310.676789
4470.0,3697,11357.196262
2000.0,2151,11383.856143
1740.0,1958,11408.427129
175.0,805,11418.430233
100.0,453,11423.877953
2310.0,2690,11457.264515
5270.0,3619,11502.559497
8860.0,5051,11565.943909
4080.0,3284,11607.27151
5360.0,3778,11654.318428
620.0,1726,11675.751374
5520.0,3728,11722.368178
6250.0,4321,11776.802035
6440.0,4573,11834.143374
5440.0,4028,11884.306187
6990.0,4515,11941.00462
6710.0,5237,12006.467853
7055.0,4932,12068.200713
8145.0,4631,12125.946292
4170.0,3321,12167.730669
10160.0,5457,12235.885825
4090.0,3286,12276.972343
6360.0,5271,12342.672221
6040.0,4229,12395.767275
4450.0,3954,12444.879839
4790.0,3767,12492.165194
4980.0,3835,12540.348783
8300.0,4873,12601.144892
3030.0,2677,12634.523829
5100.0,3557,12679.300877
2640.0,2690,12712.724995
385.0,1431,12730.403608
3495.0,3544,12774.848502
3895.0,3514,12818.795111
150.0,683,12827.300829
5590.0,3778,12874.533738
10730.0,6368,12954.49017
4670.0,3381,12996.804759
5560.0,4245,13049.70681
2240.0,2232,13077.43607
8680.0,5538,13146.422998
2585.0,2502,13177.611343
5260.0,3724,13223.770554
560.0,1176,13238.36412
9415.0,5288,13304.473086
5680.0,4277,13358.024059
7150.0,4685,13416.997755
5530.0,3770,13464.166492
2345.0,2616,13496.780827
6570.0,3814,13544.16358
3525.0,3476,13588.117441
6650.0,4295,13641.777869
1480.0,1941,13666.062618
2320.0,2685,13699.447016
4340.0,3777,13746.829865
5990.0,4174,13799.116628
1840.0,2082,13824.975345
7460.0,4781,13884.696724
2330.0,2362,13914.123023
1080.0,1770,13936.091518
880.0,1579,13955.561538
4090.0,4284,14009.654229
9045.0,5911,14083.360476
1920.0,2352,14113.07104
4990.0,3885,14161.956315
8400.0,4621,14219.987132
6930.0,4808,14280.064719
6060.0,3986,14330.044282
5490.0,4488,14386.131952
7930.0,4426,14441.500213
5720.0,3791,14488.73693
7190.0,4561,14545.675789
1640.0,2184,14573.113599
5430.0,3837,14621.330328
6220.0,4590,14678.755194
4310.0,3474,14722.128765
8760.0,5751,14794.324527
1500.0,1876,14817.617755
960.0,1680,14838.557902
1300.0,1528,14857.816117
8885.0,4771,14917.309744
8545.0,4948,14979.287815
4520.0,6126,15055.950142
6770.0,4115,15107.500803
4270.0,3078,15146.006551
2765.0,2675,15179.525676
1800.0,1978,15204.605592
5260.0,3761,15251.764261
420.0,1346,15268.837519
6700.0,4276,15322.613395
8680.0,4795,15382.518992
1380.0,1957,15407.05632
8200.0,4311,15461.321683
4680.0,3368,15503.336874
4750.0,3487,15547.19582
8350.0,4372,15602.205014
5330.0,3576,15646.989496
3740.0,3169,15686.18306
2640.0,2223,15713.92099
5195.0,3280,15754.731276
7450.0,4158,15807.216474
5450.0,3334,15849.243544
5700.0,3879,15897.521333
9790.0,5560,15967.533849
7595.0,4789,16027.814974
5150.0,4167,16079.935906
5140.0,3985,16130.108566
8465.0,5021,16192.893777
3020.0,2774,16227.242369
4040.0,3381,16269.445548
5310.0,4088,16320.918792
7525.0,4661,16378.966535
9165.0,5495,16447.769862
4410.0,3054,16486.241667
3075.0,2593,16518.697702
4190.0,3518,16562.403879
3265.0,3080,16601.204405
5030.0,3268,16642.248465
5710.0,3837,16690.112781
4580.0,3083,16728.744508
3875.0,3030,16766.643395
4700.0,3806,16814.319901
3115.0,2728,16848.43184
140.0,871,16859.146493
4200.0,3356,16901.277817
9640.0,5669,16971.858322
8185.0,5713,17043.747819
6030.0,4168,17095.723557
355.0,991,17108.016652
4910.0,3361,17150.227869
4800.0,3526,17194.500287
4305.0,3252,17234.749571
1340.0,1657,17255.154575
5540.0,4537,17311.720592
7175.0,4531,17368.285346
6400.0,4174,17420.712117
8560.0,5413,17488.443184
8170.0,4804,17548.436363
5610.0,3867,17597.199601
4250.0,3705,17643.988126
8535.0,5147,17708.246989
8625.0,4881,17769.458808
4700.0,3914,17818.697307
6670.0,3845,17866.351379
8835.0,5405,17934.043539
5530.0,3223,17974.443823
8925.0,5553,18044.298222
5710.0,3656,18090.016095
5790.0,4350,18144.824469
1840.0,1863,18168.203566
8415.0,4478,18223.76213
9780.0,5098,18287.869142
6300.0,4130,18339.601123
1000.0,1416,18357.290238
7010.0,3877,18405.726233
11890.0,5650,18476.499998
4710.0,3323,18517.978509
7395.0,4655,18576.41901
6430.0,4311,18630.627278
9160.0,5520,18700.280225
7115.0,4362,18755.009887
3850.0,2746,18789.636281
6510.0,4370,18844.420756
3555.0,2792,18879.100989
9275.0,4855,18939.974142
7905.0,4208,18992.836948
6965.0,4434,19048.268747
9305.0,4967,19110.359792
6450.0,4079,19161.691872
4450.0,3319,19203.496826
9265.0,4898,19264.440059
9065.0,5022,19327.473891
4160.0,3634,19372.858207
8320.0,5187,19438.116281
5700.0,3613,19483.39365
5870.0,4782,19543.503416
9800.0,5357,19610.672243
1280.0,1794,19632.910503
12400.0,6097,19709.132996
7010.0,3879,19757.732481
4270.0,3038,19795.868957
10390.0,5261,19861.702906
5830.0,3943,19911.077171
4600.0,3206,19951.483803
2450.0,2383,19981.301967
7495.0,4374,20035.830291
9440.0,5541,20104.773253
8510.0,5124,20169.186536
8620.0,5141,20233.43765
9070.0,5288,20299.660624
5370.0,3769,20346.882439
4410.0,3344,20389.154451
9495.0,6480,20470.440725
8050.0,4186,20522.813247
4460.0,3773,20570.020515
2445.0,2172,20597.110672
7310.0,4212,20649.758492
3880.0,3264,20690.825189
3030.0,2709,20724.633057
11010.0,6265,20803.408495
8475.0,4610,20861.235828
17690.0,7986,20960.52005
4480.0,3207,21000.425226
6780.0,3679,21046.465641
5770.0,3555,21091.424379
7110.0,4254,21144.368139
4260.0,3589,21189.078313
5180.0,3202,21229.112167
8170.0,4536,21286.036446
385.0,1084,21299.410698
13105.0,7262,21390.286201
23040.0,10598,21523.425868
9385.0,4601,21580.84956
11820.0,5644,21651.46094
18995.0,8319,21755.890236
11510.0,5977,21830.690559
12160.0,6670,21914.911684
9595.0,5181,21979.871384
9465.0,5301,22046.566516
7900.0,4733,22105.632614
6960.0,4401,22160.968106
12230.0,5816,22234.099754
7260.0,4679,22293.308388
12450.0,5657,22363.802609
5980.0,4043,22414.373744
6210.0,4105,22465.470749
6560.0,5706,22537.134543
3450.0,3049,22575.736296
17240.0,7325,22667.358876
2020.0,1924,22691.27974
1000.0,1393,22708.450384
4110.0,3232,22749.055072
16760.0,7760,22846.239734
8265.0,4352,22900.928484
11060.0,5427,22969.042811
7115.0,4882,23030.151231
7700.0,4216,23082.960399
4930.0,3322,23124.459788
8710.0,4944,23186.391405
7065.0,4053,23236.8433
9325.0,6047,23312.397083
5910.0,3635,23357.92816
8815.0,4809,23418.06907
6385.0,5109,23481.925508
7940.0,4736,23541.318595
9440.0,5140,23605.985798
5080.0,3355,23647.963985
1660.0,1998,23672.728907
10810.0,5326,23739.737429
7765.0,4424,23795.436736
150.0,690,23804.175937
2000.0,2178,23831.532676
4230.0,3189,23871.550591
7765.0,5236,23937.504051
5820.0,3930,23986.576923
7865.0,4246,24039.752227
6330.0,4197,24092.123155
10320.0,5144,24156.725224
10230.0,5065,24220.400268
9775.0,5304,24287.126598
6750.0,4072,24338.188463
11410.0,6146,24414.929987
18670.0,8692,24524.083334
6820.0,3654,24569.593894
5120.0,3371,24611.272099
6970.0,4517,24668.233239
4670.0,3486,24711.623109
7430.0,4497,24768.456652
13335.0,6594,24850.929208
11760.0,6121,24927.424168
9900.0,5201,24992.608136
9580.0,5011,25055.427701
8465.0,4791,25115.625975
9850.0,5363,25182.987737
1940.0,1859,25206.033634
8820.0,4819,25266.401563
8990.0,4937,25328.123596
5480.0,3682,25374.11881
8210.0,4523,25430.929527
9145.0,5095,25494.881916
9205.0,5025,25557.932235
10810.0,6592,25640.845035
2595.0,2367,25670.2163
6110.0,3503,25713.873246
11660.0,5554,25783.277942
1420.0,1660,25803.977602
7685.0,4022,25854.559704
8985.0,5174,25919.783225
7675.0,4684,25978.885131
19835.0,8851,26090.472635
10375.0,5100,26154.813863
6780.0,4225,26208.053917
8425.0,4667,26266.931878
11100.0,5636,26337.345978
20855.0,8464,26443.523631
7215.0,4714,26502.920988
14470.0,7897,26601.898396
8265.0,4574,26659.246386
10040.0,5331,26725.932143
21550.0,9149,26840.815859
7790.0,4150,26892.912109
6110.0,3757,26939.94053
6940.0,3908,26988.568799
12220.0,5631,27059.1922
9120.0,4759,27119.178987
8255.0,4811,27179.619588
9605.0,4334,27233.903044
11260.0,4812,27294.381887
8750.0,4363,27349.25226
17710.0,7035,27437.575504
7575.0,4621,27495.752157
17330.0,7492,27589.643905
7950.0,4045,27640.489592
7355.0,3780,27687.455293
9255.0,4695,27746.658141
26835.0,10431,27878.056077
8875.0,4264,27931.479723
9610.0,5711,28003.210467
1460.0,1556,28022.50079
8950.0,4902,28084.277561
16120.0,7534,28179.22776
15350.0,6554,28261.283708
5380.0,3351,28303.163666
16065.0,6991,28391.152944
9160.0,4621,28448.627321
8125.0,4282,28501.756731
5370.0,3660,28547.763875
19540.0,7899,28646.931164
9535.0,5525,28716.122948
11520.0,6361,28795.300951
11650.0,6738,28879.583589
7795.0,4143,28931.6358
8705.0,4902,28992.643533
7905.0,4162,29044.642491
7495.0,4733,29104.638423
17590.0,7391,29197.83284
16150.0,7253,29288.532797
6100.0,3512,29332.320049
11470.0,5931,29406.786525
9395.0,4889,29467.969605
15690.0,8478,29574.838562
14390.0,6491,29656.162951
7260.0,3870,29704.835128
10750.0,5336,29771.925797
1640.0,1722,29793.491627
3465.0,3183,29829.608578
7260.0,4117,29870.597437
23330.0,10163,29971.529494
14535.0,6500,30035.854184
5930.0,3777,30073.100937
11250.0,5857,30130.765592
14360.0,6340,30192.950471
16970.0,6900,30260.730074
9620.0,4693,30307.328744
8240.0,3955,30346.374879
4570.0,3185,30377.857249
17710.0,7640,30453.06777
8835.0,4267,30495.114434
5710.0,3738,30532.222974
3185.0,2576,30557.503524
8995.0,4400,30600.92618
25170.0,10106,30700.903543
9830.0,5024,30750.344888
8140.0,4302,30792.776356
9170.0,4356,30835.52097
26845.0,10513,30939.48497
10030.0,4964,30988.6937
39090.0,13583,31123.002847
17990.0,7293,31195.438002
8260.0,4583,31240.695666
7545.0,4143,31281.563578
9550.0,4495,31326.127387
11290.0,4995,31375.507809
10480.0,5613,31431.149285
16660.0,6856,31498.725414
6590.0,4594,31544.212084
27665.0,11260,31655.378163
7560.0,3692,31691.73524
9705.0,5360,31744.492489
10675.0,5170,31795.370564
9550.0,5131,31846.310937
7625.0,4480,31890.393121
6260.0,3724,31927.318609
8485.0,4776,31974.441759
9980.0,4756,32021.327861
19410.0,7755,32097.789009
6820.0,4035,32137.231747
9355.0,5272,32189.046737
9360.0,5772,32246.500848
5750.0,3986,32286.081603
11140.0,5484,32340.246839
14330.0,6557,32404.925515
7590.0,4682,32451.04992
8745.0,4926,32499.676592
9765.0,5319,32552.616559
10025.0,5104,32603.114904
2000.0,2170,32624.421838
8130.0,4633,32670.504823
10035.0,5064,32720.563831
7270.0,3828,32758.325044
9860.0,4864,32806.369795
13050.0,6329,32869.121537
2120.0,2192,32890.757356
420.0,1193,32902.539093
7535.0,4292,32944.583728
7520.0,3857,32982.483849
10520.0,6312,33044.960734
7480.0,4180,33086.103308
16110.0,6860,33153.869361
7460.0,4215,33195.186482
11080.0,5338,33248.054552
10860.0,5430,33301.477117
16390.0,6820,33368.811963
27620.0,10008,33467.659074
9715.0,4504,33511.923147
8665.0,4323,33554.582782
12650.0,4860,33602.424622
10260.0,4450,33646.134429
17590.0,7919,33724.257514
150.0,572,33729.745128
7610.0,3729,33766.976191
28105.0,9702,33862.698656
10270.0,5601,33917.902668
17800.0,7832,33995.160394
7220.0,5034,34044.723151
17390.0,8055,34124.417949
12720.0,6453,34188.084217
25080.0,10579,34292.70909
12730.0,5902,34351.272536
4640.0,3445,34385.13071
190.0,680,34391.682061
7070.0,3664,34427.96915
26210.0,9071,34517.836848
5920.0,3238,34549.745483
13810.0,5656,34605.411212
18670.0,7347,34678.003547
8780.0,5358,34731.148547
22160.0,8274,34813.002872
11970.0,5885,34871.514185
8710.0,4474,34915.615986
10440.0,5510,34969.945956
10280.0,5668,35026.274923
27515.0,9854,35123.936062
16980.0,6939,35192.114784
22620.0,8036,35270.895862
28090.0,10616,35375.980819
21730.0,9061,35465.262758
9670.0,4717,35511.835257
9745.0,6299,35574.340127
27855.0,10074,35674.184614
49850.0,16295,35836.616564
8970.0,5197,35888.12205
8040.0,4156,35929.356674
13790.0,6141,35990.365885
9485.0,4725,36037.164718
5290.0,3298,36069.87094
13610.0,5764,36126.920762
9330.0,5234,36178.454946
22930.0,9679,36274.015524
9625.0,5536,36328.25482
34410.0,12896,36455.749506
15425.0,6433,36519.294089
9950.0,4873,36567.094301
13105.0,5864,36624.989603
15635.0,6471,36688.866699
31410.0,10922,36796.478365
17710.0,6613,36861.776641
23610.0,8560,36946.424549
18030.0,8330,37028.86932
11815.0,5897,37087.050131
27560.0,9712,37182.397756
19620.0,7946,37260.791515
46710.0,15790,37416.862633
9610.0,4543,37461.813115
19540.0,7573,37536.483232
36330.0,13367,37668.765275
8975.0,4890,37717.360414
3930.0,2987,37746.657632
56845.0,20426,37948.891682
53590.0,18354,38131.138491
9680.0,4601,38176.46024
58020.0,17802,38351.876683
8950.0,4919,38400.364877
9865.0,4565,38445.74427
10370.0,5483,38499.721076
11810.0,5406,38553.145695
10055.0,4924,38601.897551
12500.0,5172,38652.910868
18920.0,7611,38728.476933
10410.0,5289,38780.856307
6270.0,4001,38820.169122
9185.0,4365,38863.197695
17510.0,8043,38942.57405
4590.0,2843,38970.394012
31490.0,10964,39078.454309
16235.0,6462,39142.221375
8580.0,3774,39179.508621
18700.0,7277,39251.349155
9510.0,5236,39302.89725
28620.0,10981,39411.247754
28400.0,10635,39516.266531
3065.0,2240,39538.078328
7675.0,3797,39575.448962
12830.0,5848,39632.626879
28740.0,10465,39736.151727
18320.0,6803,39803.224263
9430.0,5102,39853.285301
9660.0,3999,39892.779225
7010.0,3413,39926.308564
13950.0,5986,39985.489083
10025.0,5058,40036.007108
52360.0,15421,40188.61468
28740.0,9400,40281.996791
15080.0,6724,40348.904159
29095.0,9815,40445.27291
9225.0,4291,40487.264523
28580.0,9750,40584.01456
6560.0,3757,40620.892428
22365.0,8967,40709.587754
8355.0,3977,40748.621291
1420.0,1629,40764.428629
9780.0,4397,40807.903549
7040.0,3889,40846.346857
105130.0,32692,41170.006413
24710.0,8374,41252.773462
22700.0,8730,41339.227687
117670.0,35116,41686.202114
36940.0,12791,41812.880221
19800.0,7148,41883.370337
9380.0,4325,41926.134184
12820.0,5011,41975.984118
8615.0,4538,42020.486449
29265.0,9828,42117.674862
60665.0,17178,42287.921142
27785.0,8821,42374.55198
44800.0,13209,42504.474455
12790.0,4984,42553.913075
64865.0,19936,42751.28062
17830.0,7103,42821.628323
10800.0,5369,42874.791611
36820.0,11718,42990.669389
13020.0,5443,43044.390601
23840.0,8867,43132.001987
28530.0,10519,43235.438352
10885.0,4749,43282.232667
29145.0,9574,43376.990775
47230.0,14181,43517.072597
11275.0,5458,43570.93764
85080.0,25639,43824.084933
8465.0,4200,43865.356157
29100.0,9665,43961.250554
31850.0,9622,44056.168714
9360.0,4407,44099.451387
33050.0,10427,44201.655167
10955.0,4372,44244.728106
29780.0,10578,44349.625312
3290.0,2516,44374.530127
31020.0,10114,44474.35563
29415.0,10939,44583.138972
26945.0,9416,44675.804018
7855.0,4028,44715.510827
30640.0,9791,44812.054231
30120.0,10532,44915.768898
19690.0,6233,44977.113436
10970.0,4997,45026.439583
15585.0,6065,45086.511822
24850.0,8573,45170.903226
14110.0,5381,45223.758709
8800.0,4149,45264.519371
10365.0,5412,45318.08415
9200.0,4860,45366.131389
26730.0,8968,45455.079333
11550.0,5255,45507.049509
7820.0,4217,45548.828851
8875.0,4275,45590.768156
33820.0,10511,45694.415385
11190.0,4152,45735.024287
420.0,1321,45747.83132
10130.0,4777,45795.134457
11560.0,4604,45840.784574
10120.0,4461,45884.78079
19570.0,7023,45954.135899
6290.0,3390,45987.291857
11620.0,4982,46036.866245
7825.0,3897,46075.43761
2470.0,2175,46097.294703
27215.0,8420,46180.629204
24250.0,7772,46257.37003
29290.0,8917,46345.713385
24010.0,8507,46430.06938
9425.0,4100,46470.058298
385.0,1007,46479.874575
67470.0,20215,46679.671238
55900.0,17049,46848.14029
10800.0,4893,46896.669881
15935.0,5842,46954.660918
28150.0,9428,47048.469009
11760.0,5199,47099.437621
27955.0,9969,47197.832557
8510.0,4287,47240.123513
24660.0,8092,47320.05612
10330.0,4743,47367.060619
26865.0,9115,47457.29305
9495.0,4400,47500.34301
30800.0,10398,47603.806258
67560.0,20183,47803.705324
9265.0,4595,47849.256059
10960.0,4272,47891.191169
12540.0,4910,47939.495936
66340.0,20145,48138.877675
21700.0,7414,48213.063562
10070.0,5148,48264.63936
58540.0,17344,48436.4123
73645.0,21711,48651.171246
19690.0,6825,48718.574654
9630.0,4959,48767.778485
10345.0,5139,48818.671118
46770.0,13508,48952.717786
19540.0,6900,49020.912651
44670.0,13377,49154.085688
12680.0,5199,49205.343711
9690.0,4485,49249.249925
12030.0,5239,49301.048525
13130.0,5382,49354.486096
8430.0,4195,49396.102786
9815.0,4346,49439.102305
64170.0,18702,49624.386854
12880.0,4406,49667.638204
15620.0,6081,49727.66727
9530.0,4397,49771.063767
31460.0,10398,49873.790594
9845.0,5555,49928.703061
125250.0,33511,50260.070849
10610.0,4564,50305.093523
15920.0,6432,50368.471982
49925.0,15037,50517.769778
20170.0,6468,50581.93308
10190.0,4535,50626.942215
14220.0,5480,50681.026917
23480.0,7694,50757.319953
8795.0,4166,50798.783728
39730.0,12245,50920.132334
50440.0,14576,51063.715819
13140.0,5348,51116.932537
9950.0,4371,51159.618064
20030.0,6794,51226.814183
66140.0,19937,51423.546936
10730.0,4724,51470.057375
28335.0,9594,51564.695841
28120.0,8520,51648.341411
9855.0,4393,51691.766284
105935.0,30865,51997.727544
57600.0,17018,52166.134066
20820.0,6336,52228.316892
11560.0,5059,52278.608006
8700.0,4459,52322.625425
145160.0,38230,52701.118577
19420.0,6606,52766.630807
47740.0,13634,52901.129336
19770.0,7320,52973.3
10400.0,4842,53021.536624
10640.0,4421,53065.355077
11320.0,4627,53111.001981
12290.0,5317,53163.257818
48560.0,14283,53304.737145
8640.0,4512,53349.343843
12370.0,5510,53403.692552
28235.0,8806,53490.440777
25915.0,7848,53568.379067
53345.0,16495,53731.605176
40240.0,10975,53840.464644
63420.0,18806,54026.805652
10125.0,4293,54069.135898
20270.0,5913,54127.612995
9340.0,4291,54170.457066
27035.0,9519,54264.109304
28030.0,8822,54351.551741
9390.0,4067,54391.487149
11770.0,5102,54442.408378
29725.0,8841,54529.689756
19150.0,6211,54590.992973
68395.0,19740,54787.134758
30210.0,9618,54882.363887
45750.0,12174,55002.691505
10510.0,4274,55044.922911
130.0,383,55048.545785
242775.0,61116,55652.713345
49915.0,14990,55801.41382
24910.0,7957,55879.736276
44600.0,11825,55996.934123
32380.0,9550,56091.210479
29480.0,9049,56181.157926
76920.0,22210,56400.741281
30020.0,10022,56500.048492
11560.0,4414,56543.567388
10285.0,4274,56586.097239
10965.0,4290,56628.189362
13920.0,5394,56681.790223
6820.0,3459,56715.836821
480.0,1021,56725.908617
25380.0,7829,56803.677883
30320.0,9064,56893.086258
18000.0,6860,56961.001614
27825.0,8867,57049.157334
56475.0,15211,57199.604862
48960.0,14039,57338.610046
50540.0,14035,57477.693839
50920.0,14582,57622.36657
50990.0,15857,57780.105426
50920.0,14764,57926.188573
13290.0,5473,57980.130275
26070.0,7881,58057.754476
70470.0,19745,58253.469472
59615.0,16230,58414.254071
12530.0,4754,58461.421506
87845.0,23604,58695.002543
9180.0,3907,58733.170461
45900.0,13070,58862.211662
16885.0,5809,58919.694726
12280.0,4772,58966.944103
13020.0,4976,59016.130534
30730.0,9978,59115.964059
21090.0,6243,59178.307484
217505.0,55442,59727.681561
62090.0,16952,59895.832958
32380.0,10292,59997.371321
14770.0,5049,60047.369252
49360.0,13457,60180.503868
75880.0,20147,60379.878787
225220.0,56121,60938.052793
280765.0,69901,61630.674892
20650.0,6832,61698.575696
21810.0,7351,61771.081706
19990.0,6869,61838.73558
306530.0,75421,62587.057441
111765.0,28160,62865.711702
67580.0,16757,63031.021948
48955.0,13607,63165.950949
11465.0,4106,63206.88605
25600.0,7944,63284.711813
50355.0,14115,63423.994097
325.0,1001,63433.774285
127735.0,33650,63767.981458
21030.0,6656,63833.828731
159930.0,39896,64228.014086
58850.0,16342,64389.372095
60200.0,16052,64548.327024
20420.0,6728,64614.476064
137050.0,34425,64954.970595
31990.0,9533,65049.512326
18400.0,6038,65109.235747
50850.0,13567,65242.926878
110790.0,27832,65517.507413
10850.0,4159,65558.633525
21020.0,6929,65626.958063
65790.0,17809,65803.212783
80550.0,20266,66004.128821
10300.0,4658,66049.821412
12650.0,5026,66099.491477
53825.0,14023,66237.601623
105120.0,26734,66502.710159
189035.0,45394,66951.337482
48885.0,13488,67084.966667
28980.0,8263,67166.705783
52020.0,13475,67300.058621
69580.0,17219,67470.5139
154660.0,38151,67849.059389
64670.0,17263,68019.85297
109800.0,26957,68287.649929
15230.0,5484,68342.075138
129200.0,31276,68651.851743
26520.0,7847,68729.905002
309730.0,73521,69457.507918
52200.0,14485,69601.232544
141660.0,34057,69938.036761
103100.0,26820,70203.875526
49895.0,14250,70345.154166
81020.0,19838,70541.575166
34540.0,9190,70632.427325
111570.0,28647,70915.342865
140.0,525,70920.492549
27780.0,7861,70998.306964
19940.0,6277,71060.23184
38420.0,11003,71168.476562
76685.0,18180,71348.214405
75735.0,19392,71539.958268
34250.0,9397,71633.249483
20570.0,6558,71698.032181
77335.0,19948,71895.473724
269125.0,64082,72529.74993
41740.0,11045,72638.822035
20505.0,6286,72701.024164
15655.0,4689,72747.061778
166880.0,38219,73124.390386
460.0,1242,73136.552381
10215.0,4533,73180.998048
79010.0,20039,73380.121084
32530.0,9164,73471.198072
32760.0,10044,73571.028943
26470.0,7776,73648.382938
120115.0,30081,73945.727403
187180.0,45811,74399.788878
8405.0,3450,74434.029285
32300.0,8962,74522.733682
48200.0,12688,74648.328464
4940.0,2678,74674.815907
159920.0,38098,75052.060017
27895.0,8304,75133.727857
165730.0,39311,75521.178702
13460.0,4897,75569.617895
12720.0,5173,75620.783229
58250.0,14936,75767.501264
168240.0,40112,76165.398126
9900.0,4065,76205.420512
27270.0,7668,76280.893342
51440.0,13856,76417.798513
12000.0,4687,76464.187301
45070.0,11714,76580.420539
14110.0,4452,76624.357698
15095.0,4910,76672.770664
42150.0,10855,76780.152867
150115.0,35362,77129.232862
11180.0,4272,77171.525516
51260.0,12634,77296.817961
249990.0,56312,77853.135029
51825.0,12900,77981.280295
115845.0,28227,78261.163746
32270.0,8699,78347.596266
128190.0,31337,78656.849139
91665.0,22203,78876.106727
293935.0,67985,79550.298683
31590.0,9121,79640.253659
137595.0,32064,79958.593605
68975.0,16928,80125.925066
120.0,595,80131.847591
162880.0,36579,80494.199126
94735.0,21835,80710.593755
102865.0,24429,80951.603876
33670.0,9019,81040.580055
78370.0,19431,81233.002559
215955.0,49756,81726.158697
61130.0,16114,81886.012288
445065.0,99994,82875.101797
115335.0,27261,83146.445267
167580.0,37889,83521.245552
82445.0,20250,83721.524626
69485.0,18033,83900.628436
70415.0,17414,84072.720258
443500.0,99997,85062.008518
40400.0,10809,85169.203163
100020.0,24323,85409.870746
309985.0,69501,86097.45037
48290.0,12459,86221.502038
79410.0,19929,86418.283015
277870.0,62858,87040.126953
37840.0,10279,87141.79616
73860.0,18110,87320.978126
86880.0,21242,87530.78672
50700.0,12800,87657.342258
345875.0,78030,88431.521839
29845.0,8559,88515.688142
172445.0,40028,88912.661169
39890.0,10500,89017.843729
209445.0,47173,89486.05548
451280.0,99993,90478.544947
20470.0,6243,90540.241113
48545.0,11906,90658.310712
61605.0,16173,90819.00397
443380.0,99996,91811.836438
323705.0,72877,92535.34962
11470.0,4370,92578.596946
55590.0,13373,92710.862536
37300.0,9675,92806.865026
452330.0,99996,93799.57281
27010.0,7362,93871.966643
52285.0,13231,94003.589844
358320.0,79570,94792.669332
70670.0,17323,94964.59365
363785.0,77878,95738.727113
271255.0,59608,96331.351813
191390.0,44414,96772.307989
73710.0,17612,96946.97732
310.0,978,96956.64431
386740.0,84898,97799.925019
153070.0,34483,98142.400398
27800.0,7927,98220.84618
120700.0,26194,98480.747789
458915.0,99996,99473.640627
389910.0,86650,100333.502223
31080.0,8114,100413.916702
220.0,707,100420.759676
56600.0,14064,100560.264714
12470.0,4127,100601.187863
50005.0,12317,100723.47277
217185.0,49375,101213.645757
267145.0,59622,101805.545048
19950.0,6114,101866.14613
136790.0,31190,102175.918547
64925.0,15526,102329.844838
455980.0,99999,103320.472836
161080.0,35468,103670.837288
354920.0,77639,104440.898783
34930.0,8991,104529.797166
133065.0,29587,104823.023025
385910.0,82581,105642.989641
80015.0,18745,105828.642875
22740.0,6421,105891.89957
451465.0,99995,106885.056602
445825.0,99995,107876.389981
461315.0,99998,108868.66625
91460.0,21931,109085.751949
252945.0,54851,109629.759341
308280.0,65541,110280.04301
48030.0,11278,110392.426027
251325.0,53451,110922.794609
71385.0,16698,111088.282201
94160.0,22091,111307.283695
269910.0,58556,111887.8559
93880.0,21923,112105.096703
193040.0,41930,112520.18477
30710.0,7828,112597.560818
52560.0,13797,112734.766468
317455.0,67156,113400.339106
78590.0,17704,113575.897856
46560.0,11320,113688.21197
75470.0,16579,113853.44541
77230.0,17463,114026.233675
468805.0,99993,115018.780164
395670.0,83276,115845.66624
475600.0,99998,116838.645151
10570.0,4171,116879.938554
329635.0,68755,117562.558558
111465.0,25052,117810.931101
310.0,1224,117823.061378
468960.0,99999,118817.316492
131165.0,28954,119104.380997
284400.0,60535,119705.499048
331915.0,71007,120410.326952
220070.0,46287,120870.097292
271780.0,56689,121432.968846
48095.0,11828,121550.005613
209495.0,46022,122006.445106
73930.0,17809,122183.544923
31530.0,8755,122270.777749
14220.0,4496,122315.391214
455685.0,98083,123287.509232
81010.0,18974,123476.051181
475075.0,99999,124469.747214
210820.0,45961,124925.507428
179130.0,38529,125307.927283
200790.0,42248,125727.762288
314510.0,66816,126389.840154
255930.0,53685,126923.370634
481740.0,99999,127917.895645
130170.0,28986,128206.965252
449880.0,94273,129147.893979
89295.0,19535,129341.389206
69260.0,16243,129501.744605
196265.0,42115,129919.786789
117350.0,26120,130178.745162
72500.0,17272,130349.554819
