#{"gym_version": "0.9.4", "t_start": 1513094862.316467, "env_id": "PongNoFrameskip-v4"}
r,l,t
-21.0,760,21.263997
-21.0,838,40.522034
-21.0,803,59.217275
-18.0,1105,84.876405
-21.0,762,102.43352
-21.0,909,123.222649
-21.0,818,142.097787
-20.0,888,162.535095
-21.0,883,182.760038
-20.0,948,204.564023
-21.0,929,226.032045
-21.0,791,244.240382
-20.0,925,266.066845
-21.0,946,287.668368
-21.0,853,307.391165
-21.0,788,325.548602
-21.0,879,345.913349
-20.0,866,365.795609
-21.0,933,387.509428
-21.0,760,405.216047
-20.0,850,424.658767
-21.0,823,443.654731
-20.0,1142,470.02732
-20.0,862,490.212034
-18.0,1011,513.789999
-21.0,804,532.308247
-20.0,977,554.817061
-19.0,1114,580.912114
-19.0,1078,606.01696
-20.0,840,625.235094
-21.0,1109,650.64736
-20.0,926,671.971651
-20.0,865,691.736003
-18.0,1249,720.436207
-21.0,823,739.312025
-21.0,885,760.012401
-21.0,761,777.62488
-21.0,921,799.267067
-20.0,1057,823.774992
-20.0,871,843.704808
-21.0,818,863.03386
-21.0,850,882.760362
-18.0,1229,911.367633
-20.0,1028,935.191366
-20.0,907,956.243164
-21.0,881,976.814479
-21.0,845,996.877523
-21.0,912,1018.027861
-19.0,955,1040.130926
-20.0,1111,1065.845236
-21.0,787,1084.165426
-21.0,821,1103.231763
-21.0,907,1124.166487
-20.0,1123,1149.908746
-19.0,1045,1174.025019
-21.0,942,1195.594457
-21.0,776,1213.53987
-21.0,816,1232.218892
-21.0,850,1252.024388
-21.0,884,1272.418455
-21.0,840,1291.992937
-21.0,820,1311.09558
-19.0,947,1333.006565
-21.0,789,1351.545547
-20.0,1164,1378.653209
-21.0,757,1396.071107
-21.0,763,1413.733088
-21.0,821,1432.731839
-21.0,763,1450.220728
-20.0,938,1471.463614
-21.0,788,1489.833867
-19.0,1037,1513.732962
-20.0,1044,1537.930575
-20.0,954,1559.917577
-20.0,990,1582.863265
-20.0,869,1603.108691
-20.0,946,1624.825553
-21.0,946,1646.821752
-20.0,839,1666.161216
-21.0,820,1685.17545
-21.0,824,1704.013951
-20.0,952,1726.23014
-18.0,1191,1754.374043
-21.0,817,1773.273559
-21.0,808,1792.121374
-20.0,864,1812.327865
-21.0,782,1830.392389
-21.0,820,1849.219401
-21.0,885,1869.423821
-20.0,946,1891.292142
-19.0,1163,1918.236582
-21.0,847,1938.239032
-19.0,934,1959.98785
-21.0,869,1979.788313
-21.0,1046,2003.659636
-20.0,1019,2027.237001
-19.0,950,2049.682856
-19.0,912,2071.022733
-21.0,880,2091.926882
-20.0,918,2113.306273
-21.0,823,2132.490721
-21.0,786,2150.534009
-21.0,819,2169.112838
-19.0,1082,2194.075937
-20.0,842,2213.790001
-20.0,836,2233.328139
-20.0,935,2255.369448
-20.0,894,2276.075705
-20.0,840,2295.325758
-20.0,862,2315.412456
-20.0,841,2334.943752
-20.0,859,2355.055929
-19.0,1074,2379.709614
-20.0,924,2401.25401
-21.0,847,2420.964838
-21.0,842,2440.532092
-19.0,1119,2466.408083
-21.0,1084,2491.022471
-19.0,980,2513.717572
-21.0,818,2532.80607
-20.0,890,2553.738127
-20.0,955,2575.330841
-21.0,841,2594.652224
-20.0,1100,2619.92833
-21.0,843,2639.0295
-20.0,918,2659.970367
-21.0,1001,2683.382943
-21.0,851,2703.15934
-21.0,963,2725.617501
-21.0,824,2744.960422
-19.0,1085,2770.007276
-21.0,819,2789.052781
-21.0,857,2809.074466
-21.0,928,2830.316423
-19.0,1085,2855.717269
-21.0,806,2874.360633
-21.0,880,2894.783934
-21.0,1030,2918.439624
-17.0,1148,2944.897814
-21.0,824,2964.334008
-21.0,760,2982.05152
-20.0,831,3001.176733
-20.0,1016,3024.541028
-21.0,836,3044.114817
-21.0,931,3065.626436
-21.0,821,3084.517037
-19.0,934,3106.385392
-21.0,848,3126.125242
-20.0,860,3145.871457
-18.0,1095,3171.000339
-21.0,764,3188.560328
-21.0,764,3205.953822
-19.0,1113,3231.43375
-19.0,943,3253.162587
-20.0,835,3272.40412
-20.0,866,3292.177948
-21.0,845,3311.71206
-20.0,837,3330.759994
-21.0,848,3350.023896
-21.0,867,3369.870531
-20.0,864,3389.703069
-21.0,764,3407.116882
-21.0,762,3424.174517
-20.0,836,3443.328058
-20.0,863,3462.661891
-21.0,790,3480.403763
-21.0,763,3498.09463
-16.0,1402,3530.294372
-19.0,964,3552.425898
-21.0,945,3573.671322
-21.0,942,3595.427081
-21.0,874,3615.477798
-21.0,821,3633.69577
-21.0,908,3654.554519
-21.0,868,3674.36369
-20.0,973,3696.553616
-21.0,821,3715.642932
-20.0,840,3734.984333
-21.0,968,3757.425913
-21.0,778,3775.124456
-20.0,975,3797.218705
-20.0,954,3819.170414
-21.0,763,3836.793809
-20.0,1067,3861.559213
-20.0,841,3881.23894
-20.0,1091,3905.762168
-21.0,879,3925.611215
-21.0,789,3943.433527
-21.0,787,3961.406147
-20.0,965,3983.884248
-21.0,849,4003.717712
-21.0,779,4021.444478
-20.0,917,4042.070337
-21.0,849,4061.332011
-19.0,950,4083.297557
-20.0,916,4104.309337
-20.0,1153,4130.891229
-21.0,758,4148.119992
-21.0,896,4168.829283
-21.0,1002,4192.066646
-19.0,1240,4220.571204
-21.0,958,4242.933197
-21.0,820,4261.813575
-21.0,875,4282.367654
-21.0,759,4300.144013
-21.0,811,4318.605637
-20.0,976,4341.029313
-21.0,942,4362.904885
-21.0,987,4386.012424
-21.0,819,4404.81563
-21.0,808,4423.92801
-21.0,911,4445.231061
-20.0,898,4466.226813
-20.0,831,4485.633139
-21.0,942,4507.313185
-21.0,844,4526.749203
-21.0,878,4546.918462
-21.0,790,4565.005606
-20.0,832,4584.054337
-21.0,838,4603.205402
-21.0,818,4622.120232
-20.0,853,4641.874068
-21.0,789,4660.159844
-21.0,760,4677.655134
-21.0,824,4696.796945
-21.0,825,4716.134221
-21.0,763,4734.05806
-21.0,758,4751.50184
-21.0,879,4771.800339
-21.0,939,4791.75281
-21.0,817,4808.560404
-18.0,1131,4831.232724
-21.0,780,4846.926355
-21.0,821,4864.12705
-21.0,850,4881.482687
-18.0,1168,4905.133853
-21.0,791,4920.874771
-20.0,1019,4941.694689
-19.0,1162,4964.99666
-21.0,787,4981.101908
-20.0,1244,5006.423356
-21.0,875,5024.299106
-20.0,900,5042.290475
-21.0,885,5060.243192
-21.0,882,5078.170451
-21.0,778,5093.734789
-21.0,819,5110.691402
-19.0,1023,5131.443125
-21.0,852,5148.729091
-21.0,866,5166.51476
-20.0,1003,5186.671157
-21.0,966,5206.100703
-20.0,895,5224.269847
-21.0,1037,5245.546195
-20.0,921,5264.110991
-21.0,1001,5284.722698
-21.0,853,5302.015695
-20.0,1004,5322.487558
-21.0,912,5341.143739
-21.0,825,5357.796718
-21.0,821,5374.505625
-19.0,1026,5395.095722
-19.0,996,5415.375565
-21.0,893,5433.627735
-20.0,926,5452.391366
-20.0,1073,5474.427538
-20.0,975,5494.192207
-21.0,780,5510.114725
-20.0,889,5528.219526
-19.0,1047,5549.669499
-21.0,822,5566.380262
-19.0,1157,5590.034753
-20.0,916,5608.621071
-20.0,948,5627.785927
-20.0,913,5646.135029
-21.0,849,5663.503238
-21.0,820,5680.251257
-21.0,853,5698.587823
-19.0,1002,5721.397926
-20.0,839,5740.645721
-19.0,1039,5764.915265
-20.0,898,5785.075184
-20.0,840,5802.260723
-19.0,1077,5824.333747
-21.0,815,5840.650774
-19.0,1219,5865.364644
-21.0,947,5884.597318
-21.0,1007,5905.149313
-21.0,1047,5926.601848
-20.0,839,5943.363501
-21.0,941,5962.714168
-21.0,1009,5983.289185
-21.0,841,6000.420654
-18.0,1013,6021.201883
-19.0,1104,6043.488475
-21.0,817,6060.165076
-21.0,778,6076.036425
-21.0,975,6095.810116
-20.0,985,6115.774267
-20.0,835,6132.908695
-21.0,1028,6153.916215
-21.0,924,6172.379905
-20.0,840,6189.716644
-20.0,902,6207.923748
-20.0,839,6225.011422
-20.0,893,6243.540232
-21.0,898,6261.567814
-21.0,868,6279.207185
-21.0,943,6298.275923
-21.0,933,6317.487575
-21.0,777,6333.220845
-17.0,1142,6356.541161
-19.0,989,6376.697714
-21.0,937,6395.649696
-21.0,1071,6417.934345
-20.0,953,6437.500623
-21.0,997,6457.624227
-20.0,877,6475.612913
-20.0,915,6494.361074
-20.0,1124,6517.309839
-20.0,921,6535.467403
-20.0,833,6552.674909
-21.0,846,6569.698407
-19.0,1106,6592.047795
-20.0,945,6611.374725
-18.0,1139,6634.676415
-21.0,959,6654.374618
-21.0,878,6672.245129
-20.0,961,6691.645495
-21.0,818,6708.039343
-20.0,1039,6729.369378
-21.0,843,6746.257511
-20.0,1037,6767.270758
-19.0,1344,6794.598483
-21.0,786,6810.578063
-20.0,990,6830.409555
-21.0,806,6846.723558
-21.0,788,6862.50711
-18.0,1243,6887.548332
-21.0,782,6903.646781
-21.0,843,6920.713753
-19.0,1130,6943.698645
-20.0,903,6962.125031
-21.0,881,6980.234243
-20.0,941,6999.266164
-19.0,1098,7021.764041
-17.0,1371,7049.727325
-21.0,853,7067.088491
-21.0,851,7084.315685
-20.0,972,7103.857555
-20.0,986,7123.956328
-19.0,1044,7145.373652
-20.0,861,7162.914584
-20.0,942,7181.991036
-21.0,820,7198.898982
-19.0,1242,7224.579235
-20.0,963,7244.101026
-21.0,885,7262.405668
-21.0,879,7280.147909
-21.0,790,7296.245309
-21.0,883,7314.046177
-21.0,845,7331.409521
-21.0,938,7350.650308
-18.0,1038,7371.623478
-20.0,1031,7393.000726
-20.0,870,7411.038815
-19.0,995,7431.308317
-20.0,862,7449.067702
-20.0,898,7467.160109
-17.0,1124,7489.977455
-20.0,971,7509.904422
-21.0,779,7525.593548
-19.0,1264,7551.341287
-21.0,911,7569.893
-19.0,1019,7590.683626
-21.0,877,7608.36503
-19.0,1157,7632.119484
-21.0,1034,7653.58672
-21.0,789,7669.683291
-21.0,820,7686.460278
-21.0,761,7701.861204
-20.0,964,7721.533848
-19.0,1202,7745.751361
-20.0,1029,7766.584873
-21.0,931,7785.708651
-21.0,822,7802.327422
-19.0,1110,7824.895028
-19.0,1013,7845.743702
-19.0,1040,7866.603993
-20.0,1019,7887.622981
-20.0,886,7905.323117
-21.0,907,7923.434347
-21.0,823,7940.362761
-20.0,957,7959.904912
-21.0,823,7976.61704
-20.0,861,7993.745985
-20.0,913,8012.21465
-20.0,1179,8035.972315
-18.0,1115,8058.79901
-20.0,919,8077.452654
-21.0,1002,8098.152103
-21.0,946,8117.235381
-21.0,881,8134.935194
-21.0,883,8152.830103
-19.0,934,8171.742756
-19.0,918,8190.404242
-18.0,1036,8211.114736
-17.0,1324,8237.950956
-19.0,935,8257.19429
-21.0,903,8275.591061
-21.0,880,8293.709367
-21.0,927,8312.883871
-21.0,824,8329.492256
-21.0,930,8348.130396
-20.0,925,8366.831202
-19.0,977,8386.848517
-21.0,876,8405.057663
-20.0,1079,8426.787443
-21.0,852,8444.285039
-21.0,899,8462.240313
-20.0,837,8479.244736
-19.0,1011,8500.03071
-21.0,887,8518.089486
-20.0,929,8536.769905
-20.0,875,8554.518862
-21.0,786,8570.279977
-21.0,821,8587.225837
-21.0,820,8604.107008
-19.0,1002,8624.293334
-20.0,1035,8645.793517
-21.0,819,8662.29744
-21.0,1048,8683.74712
-18.0,1009,8704.354746
-20.0,871,8722.169709
-20.0,1129,8745.075523
-20.0,1049,8766.553853
-21.0,946,8785.729804
-21.0,967,8805.468558
-20.0,835,8822.421328
-21.0,846,8839.840436
-20.0,889,8858.237654
-20.0,915,8877.136756
-20.0,864,8894.839576
-20.0,941,8913.947553
-21.0,809,8930.529575
-20.0,840,8947.909182
-20.0,955,8967.591996
-20.0,1095,8990.150924
-21.0,787,9006.145515
-21.0,796,9022.467017
-21.0,822,9038.924545
-21.0,928,9057.697486
-19.0,1155,9081.046546
-20.0,1159,9104.284479
-20.0,900,9122.470707
-18.0,1224,9147.246152
-21.0,781,9162.773982
-19.0,1032,9183.153256
-20.0,1155,9206.402753
-20.0,920,9225.271785
-21.0,970,9244.86388
-18.0,1030,9265.603472
-21.0,940,9284.693553
-21.0,886,9302.927776
-21.0,858,9320.345562
-21.0,825,9337.084048
-20.0,1128,9360.098054
-20.0,950,9379.447599
-21.0,776,9395.292007
-21.0,831,9412.494015
-17.0,1203,9436.802963
-19.0,1022,9457.590159
-20.0,896,9475.245595
-21.0,932,9494.264477
-20.0,925,9513.164457
-21.0,779,9529.416245
-18.0,1161,9553.032713
-20.0,955,9572.779105
-19.0,1164,9596.833515
-21.0,968,9616.189884
-20.0,1006,9636.473895
-20.0,898,9654.618133
-20.0,870,9672.380964
-20.0,878,9690.090493
-19.0,982,9710.23437
-20.0,938,9729.187992
-21.0,777,9744.789124
-20.0,1043,9766.191004
-20.0,947,9785.072775
-21.0,1029,9806.004908
-20.0,886,9823.883718
-21.0,912,9842.511978
-20.0,1093,9864.746426
-20.0,876,9882.688379
-20.0,1064,9904.121978
-20.0,919,9922.767077
-20.0,833,9939.394504
-21.0,847,9956.568055
-21.0,895,9974.970978
-19.0,1078,9996.536522
-21.0,889,10014.746877
-20.0,994,10035.013627
-20.0,977,10054.777544
-21.0,791,10070.857611
-21.0,819,10087.510993
-21.0,1074,10108.986869
-20.0,831,10126.250773
-21.0,898,10144.486852
-20.0,925,10162.976579
-17.0,1095,10185.259717
-18.0,1203,10210.271874
-17.0,1432,10239.069062
-21.0,897,10257.531374
-20.0,1000,10278.243969
-19.0,1158,10301.881072
-20.0,1005,10322.167549
-20.0,922,10340.597352
-20.0,1005,10361.059804
-21.0,850,10378.218714
-21.0,935,10396.722594
-21.0,1056,10418.057254
-20.0,1250,10443.66655
-20.0,973,10463.339513
-18.0,1052,10484.59202
-20.0,894,10502.987371
-21.0,943,10522.160391
-19.0,1229,10546.854813
-21.0,821,10563.483481
-21.0,942,10582.381249
-21.0,1017,10603.309274
-19.0,1087,10625.514186
-21.0,823,10642.266788
-21.0,1039,10663.450454
-20.0,922,10682.321112
-20.0,914,10700.746542
-19.0,958,10720.240467
-20.0,1010,10740.682388
-21.0,933,10759.891631
-20.0,924,10778.672108
-20.0,937,10797.761571
-19.0,980,10817.675965
-18.0,1155,10841.174438
-20.0,972,10861.056495
-20.0,1124,10884.049335
-20.0,1098,10906.26883
-18.0,1008,10926.770207
-20.0,928,10945.709389
-20.0,873,10963.553964
-20.0,990,10983.698915
-19.0,1179,11007.283876
-20.0,993,11027.138025
-21.0,782,11042.970951
-20.0,1045,11063.88991
-21.0,1058,11085.418269
-20.0,996,11106.063636
-18.0,1166,11129.83874
-19.0,1137,11152.712185
-21.0,940,11171.77332
-19.0,1170,11195.736883
-21.0,1049,11216.534659
-20.0,1157,11240.133508
-20.0,1077,11261.484562
-19.0,1062,11283.270248
-20.0,1070,11305.221664
-21.0,882,11323.384161
-20.0,1035,11344.49597
-20.0,1101,11366.47456
-21.0,943,11385.667093
-21.0,1152,11408.902449
-20.0,1037,11429.803845
-21.0,882,11447.461686
-20.0,1268,11473.238933
-21.0,791,11488.913405
-21.0,889,11507.025195
-19.0,1216,11531.565746
-19.0,1059,11553.235894
-21.0,961,11572.998446
-20.0,931,11591.636065
-21.0,844,11608.680882
-20.0,906,11627.127763
-19.0,1070,11648.639734
-20.0,935,11667.457273
-18.0,1268,11693.652468
-21.0,937,11712.610382
-20.0,995,11732.748107
-21.0,934,11751.75681
-21.0,819,11768.219041
-21.0,780,11784.084764
-20.0,1085,11806.093734
-20.0,986,11825.881241
-19.0,1095,11848.060482
-19.0,1097,11870.212845
-21.0,904,11888.490674
-20.0,916,11906.87793
-20.0,923,11925.919928
-21.0,974,11945.526275
-20.0,896,11963.431195
-21.0,790,11979.562906
-21.0,932,11998.294882
-19.0,997,12018.352897
-20.0,1015,12039.134873
-20.0,933,12058.255395
-20.0,1010,12078.851722
-18.0,1318,12105.563272
-20.0,1083,12127.696672
-21.0,1038,12148.753654
-18.0,1107,12171.633596
-20.0,890,12189.784299
-20.0,1126,12212.470339
-20.0,876,12230.356244
-21.0,886,12248.582851
-21.0,841,12265.622808
-20.0,996,12285.492248
-20.0,1009,12306.392253
-19.0,1037,12327.491406
-21.0,867,12345.125117
-19.0,1132,12367.488044
-19.0,1028,12388.266179
-18.0,1106,12410.665621
-20.0,933,12429.426195
-20.0,933,12448.229243
-18.0,1168,12471.668152
-20.0,833,12488.153451
-20.0,871,12505.572231
-21.0,850,12522.654697
-20.0,899,12540.963481
-21.0,1176,12564.981031
-18.0,1272,12590.950816
-21.0,882,12608.567146
-21.0,1137,12631.520845
-18.0,1285,12657.722311
-20.0,957,12676.939177
-21.0,1218,12701.151562
-21.0,903,12719.712415
-19.0,1281,12745.249918
-18.0,1231,12770.242646
-21.0,1016,12790.786995
-20.0,1069,12812.235897
-20.0,1224,12837.342164
-20.0,1099,12859.380802
-20.0,835,12876.448954
-21.0,994,12896.461617
-20.0,1039,12917.209599
-18.0,1227,12941.833238
-19.0,1156,12965.021625
-21.0,957,12984.313112
-21.0,1003,13004.225004
-18.0,1288,13030.092464
-20.0,1060,13051.528237
-19.0,1061,13072.724466
-20.0,1145,13096.045404
-20.0,954,13115.261374
-20.0,1158,13138.865794
-21.0,1149,13161.99316
-19.0,1395,13190.409859
-18.0,1364,13217.965048
-17.0,1332,13244.833009
-20.0,1106,13267.311948
-18.0,1252,13292.605851
-21.0,1072,13314.100596
-19.0,1194,13338.296157
-20.0,1063,13359.544823
-21.0,1308,13385.565315
-18.0,1175,13408.955476
-20.0,1039,13430.100956
-21.0,1076,13451.752811
-17.0,1311,13478.178604
-19.0,1440,13506.812068
-21.0,997,13526.728992
-20.0,1060,13547.761623
-20.0,1075,13569.348868
-20.0,903,13587.484984
-20.0,932,13606.413356
-19.0,1224,13631.280128
-21.0,1290,13657.437335
-19.0,991,13676.947087
-17.0,1166,13700.305325
-17.0,1586,13732.422837
-19.0,1201,13757.011942
-18.0,1177,13780.930739
-17.0,1303,13807.267401
-19.0,1087,13828.973113
-20.0,1263,13854.578807
-18.0,1555,13886.246879
-21.0,1093,13908.44799
-20.0,1259,13933.974962
-17.0,1389,13961.995495
-19.0,1151,13985.177735
-19.0,1612,14017.785038
-18.0,1232,14042.626398
-21.0,1242,14067.833568
-17.0,1392,14096.010797
-18.0,1467,14125.265244
-19.0,1449,14154.23337
-17.0,1258,14179.62417
-18.0,1259,14205.25761
-15.0,1612,14237.864622
-17.0,1349,14265.187125
-18.0,1262,14291.135095
-16.0,1556,14322.630015
-20.0,928,14341.209454
-19.0,1406,14369.753425
-20.0,1369,14397.958363
-20.0,1125,14421.018682
-19.0,1278,14446.897086
-20.0,1366,14474.263038
-20.0,1052,14495.412131
-20.0,1290,14521.345313
-19.0,1135,14543.705974
-17.0,1721,14578.937093
-15.0,1717,14613.150728
-20.0,1285,14639.069853
-20.0,1180,14662.457953
-18.0,1420,14691.197098
-19.0,1389,14719.716487
-19.0,1046,14740.693896
-18.0,1116,14763.046577
-17.0,1418,14791.236
-18.0,1364,14819.272204
-20.0,1106,14841.536514
-20.0,834,14858.43738
-21.0,1005,14878.807858
-20.0,1093,14900.751861
-18.0,1522,14931.69613
-20.0,900,14949.912079
-19.0,1305,14976.171564
-19.0,1060,14997.601737
-21.0,1171,15021.46118
-16.0,1380,15049.155898
-21.0,1035,15070.006823
-20.0,1157,15093.473213
-21.0,1026,15114.185751
-21.0,1107,15136.618731
-19.0,1233,15161.292579
-19.0,1603,15193.260478
-16.0,1534,15224.139066
-19.0,1249,15249.271157
-18.0,1594,15281.852564
-19.0,1278,15307.787266
-21.0,1050,15328.841933
-19.0,1244,15353.358249
-19.0,1344,15380.601099
-19.0,989,15401.039993
-19.0,1484,15431.21792
-21.0,1191,15455.120733
-19.0,1316,15481.615842
-21.0,1025,15502.575988
-18.0,1467,15532.165749
-20.0,1211,15556.787692
-20.0,1144,15579.941972
-18.0,1456,15609.388404
-17.0,1196,15633.361268
-20.0,1447,15662.672114
-18.0,1301,15688.89134
-17.0,1465,15718.225089
-16.0,1526,15748.98621
-20.0,1352,15775.950874
-19.0,1187,15799.662498
-19.0,1169,15823.38108
-17.0,1494,15853.749667
-13.0,1859,15890.946117
-17.0,1286,15917.241097
-19.0,1574,15949.041221
-19.0,1221,15973.62606
-18.0,1423,16002.486498
-18.0,1390,16030.682752
-18.0,1257,16055.612411
-16.0,1406,16083.91819
-14.0,1665,16117.373092
-19.0,1447,16146.822256
-18.0,1164,16170.517123
-19.0,1271,16196.192284
-21.0,1290,16222.634746
-18.0,1445,16251.885354
-20.0,1186,16276.046693
-17.0,1529,16306.681053
-20.0,1074,16328.439878
-20.0,1538,16359.406685
-17.0,1628,16392.551505
-19.0,1211,16417.07666
-20.0,1680,16451.066348
-18.0,1422,16479.983726
-17.0,1433,16508.791831
-19.0,1387,16536.728011
-15.0,1832,16573.707324
-20.0,1271,16599.150209
-19.0,1479,16629.648729
-16.0,1758,16665.324044
-17.0,1662,16698.948263
-18.0,1391,16727.458485
-17.0,1756,16762.916121
-18.0,1399,16791.575442
-20.0,1252,16816.931402
-17.0,1586,16848.61135
-16.0,1423,16877.443178
-16.0,1548,16908.739896
-20.0,1382,16936.696549
-17.0,1361,16964.181535
-20.0,1393,16991.932964
-19.0,1331,17018.426678
-19.0,1317,17045.241915
-17.0,1371,17073.079052
-17.0,1643,17105.998562
-17.0,1556,17137.3637
-19.0,1798,17173.379659
-21.0,1257,17198.92347
-17.0,1857,17236.673794
-16.0,1608,17269.585358
-16.0,1520,17300.504076
-17.0,1589,17332.681881
-19.0,1514,17363.097287
-18.0,1464,17392.387793
-17.0,1427,17421.065547
-17.0,1393,17449.100175
-19.0,1387,17477.195881
-15.0,1807,17514.083491
-20.0,1341,17541.180195
-15.0,1860,17578.779962
-17.0,1921,17617.50729
-14.0,2128,17660.790675
-19.0,1287,17686.623758
-19.0,1665,17720.408095
-15.0,1970,17760.505926
-19.0,1553,17791.914594
-16.0,1430,17820.646428
-19.0,1378,17848.377338
-18.0,1391,17876.684281
-20.0,1449,17906.338875
-15.0,1476,17936.954654
-18.0,1337,17963.803429
-18.0,1425,17992.651989
-16.0,1739,18028.387905
-17.0,1651,18061.918198
-19.0,1382,18089.869004
-17.0,1610,18122.250129
-18.0,1624,18155.172027
-16.0,1740,18190.690869
-21.0,1371,18218.33842
-19.0,1396,18246.188233
-16.0,1401,18274.450728
-11.0,2141,18317.640359
-13.0,1951,18356.891115
-12.0,2094,18399.479886
-17.0,1612,18432.080857
-14.0,1771,18468.166187
-16.0,1780,18504.134564
-19.0,1490,18534.565337
-19.0,1551,18565.766925
-17.0,1633,18598.700093
-19.0,1540,18629.900615
-17.0,1460,18659.283572
-18.0,1335,18686.053045
-19.0,1361,18713.536676
-15.0,1735,18748.133256
-11.0,2392,18796.2703
-14.0,1742,18831.130022
-20.0,1772,18867.17742
-20.0,1585,18898.90699
-16.0,1515,18929.568692
-21.0,1395,18958.237833
-15.0,1595,18989.955229
-17.0,1783,19026.17522
-17.0,1745,19061.906245
-14.0,2099,19104.319082
-17.0,1658,19137.773463
-15.0,1861,19175.379548
-17.0,1515,19206.211463
-15.0,1798,19242.983489
-13.0,2286,19289.593951
-17.0,1860,19327.43149
-11.0,2249,19373.137952
-16.0,1755,19408.431582
-15.0,1991,19448.7255
-16.0,2332,19495.58346
-14.0,2059,19536.443159
-17.0,1513,19566.817289
-18.0,1988,19606.613705
-15.0,1720,19641.262003
-11.0,2123,19684.003619
-17.0,1587,19716.409964
-21.0,1527,19747.090053
-18.0,1532,19778.432868
-14.0,1835,19815.178447
-16.0,2052,19856.547737
-12.0,2492,19907.21682
-17.0,1530,19937.96951
-15.0,1606,19970.485415
-15.0,2038,20012.242953
-19.0,1505,20042.409618
-18.0,1671,20076.218503
-12.0,1838,20113.450068
-16.0,1711,20148.207161
-18.0,1837,20185.129718
-15.0,1658,20218.676491
-15.0,1880,20256.77602
-19.0,1286,20282.833426
-16.0,1723,20317.425084
-20.0,1350,20344.643209
-21.0,1599,20377.087678
-15.0,2000,20417.488745
-13.0,1859,20454.538056
-15.0,2111,20497.764795
-19.0,1639,20530.903361
-15.0,1809,20567.50742
-19.0,1500,20597.868517
-15.0,1789,20634.187523
-15.0,1910,20673.031426
-19.0,1906,20711.348301
-19.0,2036,20752.76574
-19.0,1504,20783.35881
-21.0,1671,20817.33314
-14.0,2121,20860.2755
-11.0,2350,20907.739298
-10.0,2492,20957.981303
-15.0,1832,20995.17515
-16.0,1880,21032.835256
-14.0,1963,21072.470436
-12.0,2088,21114.171281
-15.0,1962,21153.513572
-20.0,1405,21181.764122
-9.0,2306,21228.378971
-16.0,2053,21269.653744
-17.0,1699,21303.987036
-20.0,1392,21332.165954
-13.0,2556,21383.695603
-12.0,2512,21434.03926
-15.0,2385,21482.119579
-17.0,1778,21517.777148
-19.0,1571,21549.372912
-12.0,2105,21591.748237
-20.0,1511,21622.105952
-15.0,1783,21658.632919
-14.0,1975,21699.057219
-15.0,1987,21738.867414
-11.0,2171,21782.79597
-17.0,1619,21815.715822
-13.0,2058,21857.378007
-14.0,1798,21893.713351
-17.0,2076,21936.313109
-18.0,1762,21972.332264
-17.0,1649,22005.595314
-15.0,1892,22043.657372
-13.0,1916,22082.152234
-19.0,1574,22114.084542
-10.0,2210,22158.460806
-13.0,2454,22208.247214
-20.0,1943,22247.442632
-13.0,2134,22290.242066
-17.0,2004,22330.837122
-15.0,2139,22374.060002
-15.0,2036,22414.83105
-10.0,2461,22464.438488
-20.0,1553,22495.839498
-10.0,2235,22541.249685
-20.0,1463,22570.347055
-18.0,2009,22611.160539
-17.0,1680,22645.161448
-19.0,1496,22675.332484
-15.0,2044,22717.01742
-19.0,1793,22753.355711
-17.0,1726,22788.656893
-14.0,2023,22830.05759
-15.0,2072,22871.25139
-15.0,2332,22918.955766
-13.0,2428,22968.046834
-13.0,2298,23014.492113
-18.0,1830,23051.393185
-17.0,1829,23088.613885
-13.0,2050,23129.970223
-10.0,2424,23178.918856
-12.0,2373,23227.141011
-20.0,1680,23261.66548
-19.0,1759,23297.114915
-18.0,1867,23335.039472
-17.0,1817,23371.513601
-17.0,2060,23412.89582
-5.0,2812,23469.495904
-18.0,1916,23507.869965
-16.0,2213,23552.537764
-9.0,2700,23606.848316
-16.0,2158,23651.107515
-12.0,2181,23694.809511
-13.0,2468,23744.125785
-14.0,2114,23786.479344
-12.0,2381,23834.565799
-17.0,2071,23876.397493
-19.0,1650,23909.445711
-12.0,2605,23962.022888
-17.0,1821,23999.147519
-14.0,2309,24045.523191
-18.0,1766,24081.980876
-12.0,2699,24136.562862
-15.0,2252,24182.58999
-17.0,2142,24225.539815
-13.0,2802,24281.990334
-9.0,2901,24340.895632
-13.0,2292,24386.839599
-15.0,2163,24430.197821
-15.0,2497,24480.060265
-9.0,2729,24535.642403
-13.0,2548,24586.936249
-7.0,2763,24643.375365
-14.0,2356,24690.139707
-13.0,2778,24746.787211
-16.0,2403,24795.615653
-11.0,2560,24847.457181
-14.0,2427,24896.381988
-12.0,2295,24942.966543
-15.0,1885,24980.827913
-13.0,2442,25029.991761
-12.0,2504,25080.640359
-18.0,2122,25123.697395
-17.0,2309,25170.600807
-13.0,2901,25228.590573
-13.0,2355,25276.188828
-10.0,2397,25324.38382
-14.0,1987,25364.866056
-18.0,1978,25405.253227
-14.0,2569,25457.364313
-16.0,2210,25501.809188
-14.0,2287,25548.120465
-15.0,2360,25595.183854
-9.0,2785,25651.496128
-15.0,2165,25694.889239
-15.0,2416,25744.053411
-12.0,2685,25797.857815
-20.0,2409,25846.644823
-13.0,2301,25893.343807
-11.0,2106,25936.011832
-10.0,2628,25988.758782
-15.0,2297,26035.42522
-16.0,1713,26070.001979
-18.0,2041,26110.972411
-9.0,2724,26165.954008
-10.0,2963,26226.032441
-12.0,2486,26275.964378
-8.0,2710,26331.025403
-16.0,1911,26369.677997
-8.0,2971,26429.597523
-2.0,3762,26506.638056
-12.0,2794,26563.450129
-17.0,1845,26600.303154
-16.0,2335,26648.011539
-16.0,2676,26702.107469
-9.0,2838,26759.387008
-16.0,2411,26808.109609
-16.0,2511,26858.679431
-15.0,2020,26899.746117
-10.0,2796,26956.33943
-14.0,2178,26999.525517
-6.0,3145,27063.99357
-12.0,2819,27121.811568
-17.0,2628,27174.638591
-13.0,2723,27229.669823
-11.0,2798,27286.325289
-15.0,2250,27331.052842
-12.0,2818,27387.471925
-12.0,2590,27439.684011
-19.0,1742,27475.199587
-13.0,2821,27531.98186
-12.0,2646,27585.676266
-4.0,3671,27660.204802
-16.0,2369,27707.917778
-12.0,2162,27751.578477
-12.0,2285,27797.6363
-12.0,2573,27849.787312
-12.0,2389,27898.065644
-6.0,3223,27963.343806
-14.0,2295,28010.224732
-11.0,3040,28071.741739
-5.0,3101,28134.539924
-7.0,2876,28192.500784
-5.0,2899,28251.245257
-13.0,2438,28300.418187
-10.0,2644,28354.045373
-9.0,2955,28413.806917
-12.0,2548,28464.760585
-10.0,2722,28519.290771
-6.0,2495,28570.017761
-6.0,3040,28631.565534
-13.0,2271,28677.519443
-6.0,2933,28737.529607
-3.0,3420,28806.094243
-12.0,2445,28855.777338
-5.0,3174,28919.583733
-11.0,2509,28970.228244
-8.0,2906,29029.822823
-15.0,2010,29070.242024
-8.0,2804,29127.525838
-14.0,1920,29166.782661
-9.0,2541,29218.924873
-7.0,2952,29278.456851
-9.0,2552,29329.529403
-14.0,2483,29379.946758
-11.0,2511,29431.235976
-3.0,3184,29495.423515
-4.0,3102,29558.128569
-3.0,2998,29618.65628
-13.0,2458,29668.162735
-11.0,2491,29718.691301
-14.0,2183,29763.190339
2.0,3513,29833.594513
-1.0,3569,29905.551316
-10.0,2591,29958.195278
-9.0,3158,30021.577568
-10.0,2647,30075.125949
-5.0,3022,30136.29034
-11.0,2601,30188.558416
-13.0,3023,30249.542172
-14.0,2406,30298.30333
-10.0,2833,30355.714474
1.0,3773,30431.595058
-12.0,2369,30479.465517
-10.0,2450,30528.495375
-10.0,2848,30586.232273
-9.0,2734,30641.181381
-8.0,3074,30703.392416
-7.0,2847,30760.782678
-5.0,2792,30816.842278
-11.0,2579,30868.133138
-11.0,2266,30913.537914
-11.0,2396,30961.907475
-13.0,2619,31014.787616
-4.0,3381,31082.883375
-7.0,2680,31137.394549
-2.0,3613,31210.112248
-6.0,3331,31277.644405
-5.0,2714,31333.27863
-3.0,3680,31408.584893
-14.0,2388,31456.446008
-11.0,2720,31511.03611
-7.0,2924,31570.539977
-6.0,2855,31627.515177
-7.0,3131,31690.134798
-6.0,3337,31757.172066
-9.0,3624,31831.335365
-6.0,2876,31889.408119
-5.0,3489,31959.830734
-3.0,3312,32026.583322
-1.0,3501,32097.200972
-10.0,2246,32141.766849
-6.0,3159,32205.770207
1.0,3535,32276.616763
7.0,2713,32331.23587
10.0,2744,32386.747787
7.0,3038,32448.519914
-8.0,2595,32500.273641
1.0,3162,32564.228548
6.0,2972,32624.766798
-8.0,3216,32688.988971
-2.0,2849,32746.299504
-3.0,3050,32807.669214
-2.0,3311,32874.545976
13.0,2206,32919.202102
7.0,2821,32976.029166
2.0,3342,33043.054997
11.0,2457,33093.001601
-1.0,3520,33164.709413
-8.0,2944,33224.057613
18.0,1784,33260.138203
-2.0,3677,33334.151122
4.0,3440,33403.388809
3.0,3367,33471.429332
5.0,3046,33533.280942
19.0,1649,33566.759285
9.0,2815,33623.87888
-8.0,2896,33682.739651
-5.0,2985,33742.790792
-7.0,2813,33800.009367
1.0,3373,33868.086611
-9.0,2981,33928.450298
-1.0,3178,33992.299062
-7.0,3267,34057.967211
1.0,3393,34127.205392
-7.0,2972,34186.493845
-10.0,2508,34237.647494
12.0,2332,34285.001379
19.0,1630,34318.345744
-5.0,2804,34374.752611
-3.0,3161,34439.685298
10.0,2500,34490.340247
20.0,1565,34521.63937
2.0,3369,34589.359921
17.0,1883,34627.484415
18.0,1776,34663.041288
3.0,3078,34725.783517
9.0,2559,34777.757498
2.0,3546,34848.914512
5.0,3035,34910.975187
-4.0,3159,34974.43233
11.0,2412,35023.087561
15.0,2022,35063.350605
3.0,2648,35116.125303
8.0,2525,35166.602561
18.0,1810,35202.82049
11.0,2336,35250.279337
-6.0,3019,35311.283201
10.0,2687,35365.288623
6.0,3056,35427.417419
20.0,1562,35458.802848
-1.0,3195,35523.636542
2.0,3616,35596.349375
-10.0,2693,35651.201548
5.0,3227,35716.451678
4.0,3106,35779.384166
6.0,2942,35839.386004
3.0,3278,35905.861486
17.0,1844,35942.912459
19.0,1652,35976.575843
-2.0,3452,36046.375118
1.0,3568,36118.109926
16.0,2033,36158.85837
8.0,2810,36215.097867
7.0,3058,36277.174069
15.0,2012,36317.902816
14.0,2562,36370.335527
20.0,1580,36402.397382
5.0,3119,36465.212235
17.0,1823,36501.963784
16.0,2101,36544.874101
4.0,3394,36613.676654
16.0,1844,36650.586246
9.0,2897,36709.108635
8.0,2825,36766.553619
16.0,2438,36815.515959
20.0,1563,36846.819136
10.0,2610,36899.425951
20.0,1562,36930.769414
18.0,1762,36966.859842
17.0,1939,37006.167874
20.0,1618,37039.028749
9.0,3018,37099.835993
1.0,3239,37165.114418
-2.0,3702,37239.70053
-2.0,3600,37311.762409
13.0,2462,37361.426325
5.0,3129,37424.408471
12.0,2367,37472.604349
16.0,1852,37510.539321
15.0,2095,37552.838333
20.0,1566,37584.188938
11.0,2371,37632.655188
-2.0,3819,37709.140624
10.0,2600,37762.073069
11.0,2323,37809.272081
5.0,3047,37870.613569
-8.0,3105,37933.069646
8.0,3095,37995.98491
5.0,3009,38056.828024
11.0,2403,38105.329127
13.0,2774,38161.684958
15.0,1819,38198.081424
17.0,1863,38235.560462
18.0,2095,38277.951462
8.0,2992,38338.979763
20.0,1565,38370.709665
17.0,1685,38404.769505
10.0,2709,38459.392502
16.0,1919,38498.558473
10.0,3045,38560.577456
10.0,3077,38622.932412
9.0,3105,38685.733051
19.0,1834,38723.112379
13.0,2371,38770.957555
19.0,1833,38807.702762
10.0,2662,38861.290479
12.0,2922,38920.378401
8.0,2925,38979.412723
9.0,2836,39037.245277
18.0,2176,39081.087135
11.0,2756,39137.995496
14.0,2602,39190.778152
15.0,2561,39242.669079
11.0,2881,39301.844237
15.0,2353,39349.382729
18.0,1882,39387.841142
19.0,1658,39421.470387
11.0,2742,39476.939801
18.0,1715,39511.86532
10.0,2970,39572.132766
15.0,1956,39612.237565
9.0,3000,39672.965438
9.0,2832,39730.620847
19.0,2209,39775.176108
8.0,3095,39837.850801
15.0,1981,39877.883702
16.0,2614,39930.321444
12.0,2405,39979.028399
19.0,1789,40015.130722
20.0,1566,40047.281148
2.0,3774,40123.8416
16.0,2311,40170.214495
20.0,1699,40204.383359
15.0,2485,40255.205492
11.0,2801,40312.089284
16.0,1967,40351.861728
4.0,2990,40412.145319
15.0,2012,40452.937437
2.0,3250,40518.626319
15.0,2608,40570.737285
20.0,2036,40612.339843
20.0,1627,40645.373226
14.0,2117,40688.183765
5.0,3271,40754.48464
13.0,1987,40794.39355
16.0,2341,40841.443928
13.0,2310,40888.341286
10.0,2588,40940.970649
18.0,2253,40986.469783
11.0,2650,41039.755716
15.0,2026,41080.145771
16.0,1975,41119.741642
19.0,2110,41162.505646
15.0,1944,41201.797955
10.0,2446,41250.822315
19.0,2126,41293.794248
18.0,2404,41341.849727
16.0,2319,41388.732985
17.0,2019,41429.959857
16.0,2409,41478.862399
17.0,2383,41527.07754
13.0,2816,41583.980679
21.0,1970,41623.505261
19.0,2241,41668.458594
20.0,1667,41702.247695
17.0,1858,41740.057531
20.0,2002,41780.226168
19.0,2203,41824.893181
20.0,1565,41856.870877
15.0,2171,41900.698891
19.0,2021,41941.223032
18.0,1860,41978.761265
19.0,2052,42020.294886
19.0,2189,42064.402997
12.0,2181,42108.463119
19.0,1633,42141.058239
17.0,2211,42185.751598
20.0,1625,42218.671835
19.0,1697,42252.588867
18.0,2116,42294.493624
20.0,1991,42334.489545
16.0,2267,42379.714025
17.0,1677,42413.614536
18.0,2501,42464.244455
20.0,1561,42495.563289
19.0,1843,42532.855405
16.0,1853,42569.897324
10.0,3002,42630.96122
21.0,1975,42671.108514
20.0,1685,42705.302403
20.0,1622,42737.692537
17.0,2462,42786.763239
17.0,2005,42827.479929
14.0,2368,42874.760867
14.0,2128,42917.479822
18.0,2136,42960.315516
12.0,2666,43014.249892
10.0,2525,43065.613564
10.0,3053,43127.155354
19.0,2159,43171.011774
-8.0,3430,43240.445807
20.0,2006,43280.71834
20.0,1991,43321.625979
18.0,2352,43369.137348
16.0,2097,43411.655071
17.0,2001,43452.396507
11.0,2741,43507.603906
20.0,2081,43549.168099
20.0,1561,43581.367008
18.0,2575,43633.502375
19.0,1657,43667.16123
18.0,2282,43713.091706
12.0,3096,43775.846529
11.0,3647,43849.257793
18.0,2117,43891.99573
17.0,1851,43929.226621
14.0,2199,43973.498776
20.0,1564,44004.876463
-4.0,3882,44083.32717
18.0,1899,44121.319137
14.0,2233,44166.544443
18.0,1780,44202.360752
18.0,2260,44248.166066
19.0,2187,44291.820832
20.0,2057,44333.199558
19.0,2085,44375.372771
18.0,2385,44422.960876
20.0,1682,44457.147427
11.0,2779,44512.734661
20.0,2208,44557.235733
21.0,1989,44597.54204
19.0,1777,44633.770781
3.0,3303,44700.572516
16.0,2623,44753.395202
19.0,1765,44788.99071
-1.0,3676,44863.094592
16.0,2269,44908.876138
20.0,2005,44948.719093
19.0,1695,44983.054437
18.0,2213,45027.791962
18.0,2401,45075.982088
19.0,1759,45111.510449
20.0,1593,45143.148719
19.0,2109,45185.623108
14.0,2470,45236.14188
18.0,1757,45271.422972
18.0,1777,45306.980689
12.0,2614,45360.095825
16.0,2501,45410.828073
18.0,1728,45446.127274
14.0,2567,45497.946644
13.0,2569,45550.288097
16.0,2080,45592.047722
1.0,3953,45672.669848
16.0,2763,45728.525291
19.0,2093,45771.199114
21.0,1970,45810.758996
14.0,2447,45860.467359
17.0,1981,45900.842624
10.0,2333,45948.071131
10.0,3304,46014.787646
16.0,2053,46056.00662
18.0,2381,46104.717203
-12.0,2435,46153.450041
18.0,2014,46194.416696
8.0,2936,46253.598183
11.0,3089,46316.192333
19.0,1789,46352.418903
14.0,2403,46400.485481
20.0,1582,46432.038981
-6.0,3658,46506.299383
13.0,2962,46566.899318
12.0,3572,46638.656325
18.0,2409,46687.335058
20.0,2007,46727.605036
16.0,1943,46766.87927
19.0,1725,46801.342151
17.0,2118,46844.002369
18.0,1714,46878.701198
20.0,1564,46909.983611
20.0,1563,46941.388607
11.0,2674,46995.954219
19.0,2058,47036.874559
15.0,2652,47090.721543
19.0,1635,47123.93402
15.0,2314,47171.113136
15.0,2539,47222.784652
-4.0,3267,47289.253629
21.0,1587,47321.582674
21.0,1976,47361.205166
21.0,1994,47401.410636
17.0,2222,47446.271177
19.0,2150,47489.861936
16.0,2312,47536.366998
19.0,1683,47570.274801
13.0,2556,47621.553709
20.0,2188,47665.541165
17.0,1999,47706.318903
20.0,1563,47738.490507
14.0,2578,47790.780886
14.0,2420,47839.689727
21.0,1591,47871.911292
15.0,2531,47923.382862
13.0,2790,47979.572286
20.0,2054,48021.407696
17.0,2417,48070.943264
19.0,2165,48114.710464
16.0,2699,48168.191973
14.0,2774,48224.249265
19.0,2103,48266.688755
10.0,2927,48325.837406
14.0,2512,48376.151042
17.0,1836,48412.860163
15.0,2589,48465.179337
20.0,1563,48496.66924
20.0,1561,48528.647508
19.0,1901,48566.873811
20.0,1561,48598.356565
16.0,2217,48642.966699
16.0,2574,48695.276033
18.0,1743,48730.385826
17.0,2204,48774.826622
20.0,2050,48816.906286
20.0,1713,48851.260183
12.0,2571,48903.473178
18.0,1803,48939.902885
20.0,1582,48972.021135
13.0,2656,49026.510586
18.0,2267,49072.242249
19.0,2194,49116.166995
20.0,2001,49156.387786
19.0,1652,49189.748886
9.0,2911,49248.385756
19.0,2042,49290.204044
19.0,2049,49332.256915
18.0,1992,49373.103224
18.0,1941,49412.440662
12.0,2954,49471.63285
18.0,2484,49521.974243
19.0,2177,49565.922882
19.0,1719,49600.460761
17.0,1988,49641.015003
18.0,1847,49678.451394
19.0,2230,49723.259663
21.0,1993,49763.446487
12.0,2572,49815.337062
19.0,1677,49849.539026
18.0,2160,49893.020742
15.0,2568,49944.648211
14.0,2609,49997.188872
9.0,3083,50059.709532
20.0,2059,50101.511633
19.0,2211,50146.645562
20.0,1562,50177.959008
15.0,2379,50225.85829
19.0,2147,50268.724858
17.0,2474,50318.832655
19.0,2169,50363.032316
18.0,2180,50406.820948
11.0,2775,50462.965557
19.0,2069,50504.518516
17.0,1877,50542.40964
19.0,2249,50588.174663
15.0,2190,50631.785467
19.0,2114,50674.280552
16.0,2548,50725.793299
11.0,2737,50781.232584
19.0,1736,50816.013457
10.0,2768,50871.777695
17.0,2211,50916.343908
15.0,2651,50970.010476
19.0,2082,51012.678848
21.0,1589,51044.360687
17.0,2436,51093.781405
18.0,2144,51136.747821
8.0,2869,51194.841361
18.0,2214,51239.676409
18.0,2215,51284.386776
20.0,2151,51328.06533
18.0,2479,51378.087931
14.0,2569,51430.062893
10.0,3257,51495.673181
20.0,1596,51527.789994
20.0,1997,51568.129507
14.0,2233,51613.036926
20.0,2049,51654.696637
13.0,2777,51710.719133
15.0,2092,51753.137348
14.0,2964,51813.528795
21.0,1990,51853.392049
15.0,2448,51903.265197
12.0,1895,51941.858671
18.0,2155,51985.178137
19.0,2148,52028.515682
19.0,2084,52070.348672
19.0,2109,52113.072079
17.0,2472,52162.669123
20.0,2065,52204.553524
18.0,2089,52247.275072
-1.0,3551,52319.488086
-10.0,2597,52372.303496
20.0,1590,52405.088263
10.0,2780,52460.347889
18.0,2146,52503.867039
14.0,2598,52556.51075
8.0,3106,52619.85813
18.0,2224,52664.422017
17.0,2640,52717.707395
18.0,1812,52754.25544
15.0,2442,52803.882864
13.0,2751,52859.583862
21.0,2432,52909.092678
16.0,2644,52962.666605
20.0,1561,52993.987518
15.0,2407,53043.607964
6.0,2948,53103.019687
19.0,2216,53148.524348
18.0,2249,53194.089624
11.0,2617,53247.26931
16.0,2012,53287.865223
2.0,3255,53354.043727
-14.0,2283,53400.151788
12.0,2408,53448.707301
12.0,2667,53502.483144
17.0,1824,53539.31584
18.0,1754,53574.706359
20.0,2025,53615.486222
20.0,2002,53656.012192
11.0,2816,53713.028367
12.0,3347,53781.129252
19.0,1712,53815.925117
21.0,1994,53856.367124
17.0,2038,53897.864435
20.0,1683,53931.927365
16.0,2400,53980.227773
19.0,2135,54023.390989
15.0,2573,54076.231886
13.0,2610,54129.246172
19.0,2095,54171.627281
1.0,3540,54242.717015
4.0,3672,54317.190863
13.0,2600,54370.088065
15.0,2207,54414.878361
18.0,2095,54457.558822
19.0,2164,54501.529092
20.0,1582,54533.700194
20.0,1589,54565.619811
14.0,2707,54619.89956
19.0,2088,54662.237369
16.0,2145,54705.354725
19.0,1788,54741.677496
19.0,2084,54783.942447
17.0,2289,54830.286505
15.0,2140,54873.523852
15.0,2460,54923.064175
16.0,2200,54967.576116
9.0,3035,55028.868844
13.0,2640,55081.838528
18.0,2284,55127.893018
15.0,2087,55169.587061
15.0,2103,55212.166687
17.0,2306,55259.063975
20.0,1994,55298.931438
20.0,1766,55334.310326
17.0,2178,55378.614719
15.0,2185,55423.442336
13.0,2549,55474.7533
20.0,2194,55519.726379
9.0,2596,55572.465131
20.0,1583,55604.395818
18.0,2017,55644.757313
17.0,1871,55682.312176
16.0,2460,55732.008123
19.0,2161,55776.194206
16.0,2336,55823.638971
20.0,1587,55855.44449
19.0,2197,55899.506225
16.0,2440,55948.830966
19.0,2191,55993.147159
19.0,1752,56028.938311
20.0,2093,56071.555155
18.0,1894,56109.519089
10.0,3167,56173.480048
20.0,1685,56207.77719
13.0,3510,56278.310569
-6.0,3123,56341.234724
12.0,2504,56392.169249
7.0,3528,56463.397902
13.0,2614,56516.502737
19.0,1780,56553.233182
8.0,3041,56615.334273
18.0,2134,56658.461571
9.0,2755,56713.987578
13.0,2361,56761.473281
14.0,1961,56800.949754
19.0,2139,56844.438677
17.0,2329,56891.051225
16.0,1925,56929.121329
16.0,2265,56974.807592
18.0,2238,57020.229092
16.0,2507,57070.816513
17.0,2107,57113.330547
16.0,1997,57153.517039
20.0,1618,57186.427751
21.0,1977,57226.264032
17.0,1826,57263.783146
19.0,2169,57307.721386
21.0,2056,57349.169407
20.0,1581,57380.962904
16.0,2201,57425.708922
17.0,1697,57460.136938
20.0,2025,57501.268491
19.0,1760,57536.656593
20.0,1627,57569.499253
16.0,2511,57620.118738
16.0,2109,57662.662157
13.0,2635,57715.998841
15.0,2189,57760.236239
20.0,1582,57792.244658
19.0,2087,57834.63558
19.0,1743,57869.711124
20.0,1736,57904.727189
18.0,2357,57952.789552
17.0,1890,57991.30781
17.0,2441,58040.807196
17.0,2271,58086.581287
12.0,2600,58138.988362
12.0,2648,58191.894906
21.0,2125,58234.997085
17.0,2308,58282.440112
9.0,3145,58345.955352
19.0,2080,58387.533071
20.0,2003,58428.110506
20.0,1567,58459.894948
18.0,1740,58495.165831
19.0,2100,58537.412299
12.0,2614,58589.996166
16.0,2700,58644.872322
20.0,1565,58676.208482
16.0,2040,58718.214873
19.0,1903,58756.807783
20.0,1565,58788.037243
18.0,2413,58836.648484
21.0,1991,58877.124009
20.0,2053,58918.449558
19.0,2322,58965.685365
8.0,3567,59037.335759
15.0,2496,59088.21457
19.0,1658,59122.448168
19.0,2125,59165.32887
21.0,1989,59205.73684
18.0,1808,59241.861932
17.0,2521,59292.742871
18.0,2220,59337.534688
19.0,2267,59383.691565
18.0,2202,59427.779172
9.0,2735,59482.625595
20.0,1630,59515.810315
17.0,2211,59560.105636
18.0,2068,59601.836298
20.0,1579,59633.878284
18.0,2496,59684.536375
19.0,2125,59727.396823
18.0,1713,59762.07767
19.0,1688,59796.502919
7.0,3611,59870.141258
15.0,2533,59921.423093
8.0,3314,59988.817293
19.0,1702,60023.147447
20.0,1563,60054.553438
14.0,2479,60104.698421
20.0,2167,60148.596352
9.0,3003,60209.267584
16.0,2252,60254.471696
20.0,1579,60285.953892
19.0,1766,60321.527872
18.0,2298,60367.861067
14.0,2769,60423.73934
10.0,3208,60488.679884
9.0,2553,60540.649404
18.0,2076,60582.055301
17.0,2153,60625.262781
19.0,2112,60667.799001
15.0,2320,60714.729257
15.0,2337,60761.947831
21.0,1992,60802.777938
13.0,2601,60855.184574
19.0,1712,60889.215739
15.0,2682,60943.053388
17.0,1912,60982.080746
19.0,1690,61016.079109
13.0,3241,61080.907864
20.0,1562,61112.737046
6.0,3330,61180.367783
20.0,2107,61222.703332
17.0,2173,61266.865014
1.0,4462,61357.411995
20.0,1563,61388.97935
19.0,2255,61434.340102
-9.0,3242,61500.636003
21.0,1989,61540.961842
3.0,3773,61616.565397
20.0,2087,61658.466468
19.0,2112,61701.428259
8.0,3056,61762.669185
20.0,2063,61804.485822
19.0,1717,61839.151066
17.0,1945,61878.638901
20.0,2004,61919.032538
19.0,2206,61963.90922
20.0,1563,61995.127484
18.0,2164,62038.623959
19.0,2100,62081.381234
20.0,1993,62121.470938
20.0,2087,62163.451643
9.0,2385,62211.283181
13.0,2753,62266.750009
5.0,3325,62334.15339
15.0,2441,62383.271899
19.0,2085,62425.947817
17.0,1954,62465.831318
11.0,3067,62527.718667
20.0,2154,62571.242842
20.0,1585,62603.101397
20.0,2079,62644.956664
14.0,2309,62691.826903
13.0,2780,62747.821237
18.0,2160,62791.412687
19.0,1632,62824.826307
17.0,1818,62861.641274
16.0,1794,62898.309041
20.0,2007,62939.271681
16.0,2158,62982.882848
-8.0,3269,63048.974559
21.0,2112,63091.365017
15.0,2449,63141.169338
13.0,2761,63196.626006
18.0,2321,63244.023005
20.0,2167,63287.890714
19.0,1634,63320.773976
16.0,2115,63363.258257
20.0,2144,63406.77815
13.0,2338,63453.851169
15.0,2587,63506.43436
15.0,2756,63562.283891
20.0,2268,63607.548841
-5.0,3825,63684.730281
19.0,1715,63719.366738
20.0,1647,63752.399097
20.0,1771,63788.034955
18.0,1908,63826.211819
20.0,1585,63858.531569
21.0,2237,63903.545105
20.0,1665,63937.425891
20.0,2007,63978.124253
21.0,1996,64018.182141
11.0,2967,64078.795722
17.0,2363,64126.364009
9.0,3016,64186.750014
15.0,2512,64237.372675
19.0,1965,64276.95475
18.0,2174,64320.404627
15.0,2730,64375.527015
17.0,2425,64424.734609
18.0,2218,64469.033669
18.0,2376,64517.29564
19.0,1631,64551.118682
10.0,2728,64606.144059
16.0,2397,64653.905235
19.0,2112,64696.390494
17.0,2274,64742.353379
18.0,2024,64783.482498
19.0,2094,64825.44462
18.0,2183,64869.439014
20.0,1650,64902.474264
15.0,2177,64946.715783
11.0,2849,65004.711817
19.0,2021,65045.877359
19.0,1662,65079.56963
20.0,2093,65121.762933
10.0,2884,65180.003778
14.0,2488,65230.206991
17.0,2338,65277.940738
20.0,1613,65310.284951
19.0,2082,65352.398663
18.0,1763,65388.031798
20.0,1716,65422.660717
20.0,2001,65462.424254
19.0,2265,65508.7411
19.0,1786,65544.807643
5.0,3895,65624.051458
13.0,2640,65677.470176
17.0,2160,65721.658012
12.0,2806,65778.19871
5.0,3867,65856.131821
10.0,2591,65908.591054
16.0,2309,65955.327792
16.0,2282,66001.28978
12.0,2071,66043.108984
19.0,2048,66084.233299
6.0,3274,66150.282279
18.0,2441,66199.690745
17.0,2183,66243.891717
19.0,2172,66288.487066
20.0,1870,66326.583186
18.0,2355,66374.427988
17.0,2049,66416.12171
12.0,2696,66470.770893
20.0,1757,66506.055835
15.0,2357,66553.082681
18.0,2046,66594.563583
17.0,2161,66638.245112
12.0,3023,66698.97565
15.0,1967,66738.79386
9.0,3445,66808.469501
16.0,2331,66856.233136
20.0,2032,66897.593163
19.0,1633,66930.814869
20.0,2002,66971.547957
12.0,2354,67018.996547
15.0,2869,67076.780769
7.0,2776,67132.938203
14.0,1914,67171.126666
18.0,1868,67209.271076
18.0,2216,67254.749468
7.0,3655,67328.469606
9.0,3221,67392.991403
14.0,2685,67447.331963
18.0,2141,67490.559881
16.0,2501,67541.814374
19.0,1661,67575.84658
11.0,2966,67635.564011
7.0,3561,67707.095547
7.0,2983,67767.510582
17.0,2053,67808.945471
21.0,1587,67840.832711
21.0,1993,67881.110246
10.0,3203,67946.406995
18.0,2443,67995.989087
20.0,1564,68027.340871
16.0,2137,68070.214426
19.0,1664,68103.541141
21.0,2035,68145.114723
14.0,2635,68199.10225
2.0,3716,68274.230382
20.0,2054,68315.922701
14.0,2432,68365.004218
18.0,2171,68408.964086
16.0,2690,68463.620267
19.0,2049,68504.720016
15.0,2290,68550.877418
18.0,1771,68586.912212
20.0,1561,68618.414101
16.0,2410,68667.355524
17.0,2368,68715.631202
12.0,2855,68773.565099
20.0,1619,68805.592992
19.0,1895,68844.291041
18.0,1829,68881.648809
13.0,2214,68926.722012
11.0,3245,68992.405235
9.0,3194,69056.525135
19.0,2229,69101.644372
20.0,2056,69143.198387
20.0,2307,69190.093204
19.0,2043,69231.477021
19.0,2051,69272.863966
16.0,2326,69320.303778
17.0,1999,69361.073251
16.0,2612,69414.070632
20.0,1565,69446.087947
18.0,2025,69487.531529
9.0,3088,69550.461865
17.0,2247,69596.282168
20.0,1564,69627.801758
15.0,2476,69677.945632
12.0,2787,69734.276842
20.0,1561,69765.717455
20.0,2202,69810.088239
20.0,1627,69843.277172
7.0,3121,69906.242581
11.0,2292,69952.403679
15.0,2585,70004.5146
16.0,2361,70052.892018
14.0,2105,70095.834983
20.0,2007,70136.309408
15.0,2537,70187.572301
19.0,1633,70220.444865
17.0,1878,70258.328531
17.0,2665,70312.758593
20.0,1563,70344.436199
20.0,2001,70384.144697
5.0,3175,70448.345593
20.0,2125,70491.543336
14.0,2527,70543.235848
17.0,2360,70591.254308
9.0,2848,70648.13476
16.0,3107,70711.300442
18.0,2549,70762.984848
18.0,2245,70807.953305
5.0,3013,70869.142826
19.0,1815,70905.638271
19.0,2179,70949.643451
18.0,2280,70995.702708
16.0,2281,71041.576432
4.0,3732,71116.687872
16.0,2300,71163.559798
13.0,2536,71214.479071
-12.0,2854,71271.920664
7.0,3921,71351.182394
20.0,1735,71386.70367
17.0,1854,71424.387022
13.0,2940,71483.174832
6.0,3680,71556.906841
16.0,2050,71598.07637
19.0,2117,71640.365118
20.0,2350,71687.854682
19.0,2196,71732.193929
18.0,2320,71779.440321
20.0,2005,71819.980766
19.0,2149,71863.501505
20.0,1657,71896.610402
8.0,3779,71972.527225
19.0,1634,72005.500034
18.0,1950,72045.437647
20.0,2066,72087.186767
18.0,2230,72131.98033
19.0,1775,72168.412153
2.0,3539,72240.888376
13.0,2722,72295.819519
19.0,2219,72340.838668
20.0,1590,72372.94615
9.0,3127,72435.910875
19.0,2116,72478.578693
17.0,1915,72517.699405
15.0,2445,72567.228721
20.0,2178,72611.174325
20.0,2153,72654.068672
11.0,3075,72715.932598
18.0,2082,72758.529489
17.0,2076,72801.317343
21.0,2124,72844.050102
21.0,1993,72884.679009
7.0,3175,72948.787835
18.0,1684,72982.548926
16.0,1993,73023.111187
13.0,2514,73074.067957
17.0,2072,73116.168597
17.0,2615,73168.810619
20.0,2069,73210.855156
19.0,2228,73255.960965
20.0,1742,73291.457613
19.0,1831,73328.259534
16.0,2670,73382.459783
20.0,2003,73422.963927
18.0,2274,73468.453898
16.0,2401,73516.775816
17.0,2127,73560.29675
15.0,2054,73600.970644
19.0,2049,73642.138887
15.0,2615,73694.652162
14.0,2412,73743.092337
7.0,4223,73829.248798
20.0,1656,73862.856325
9.0,3242,73928.432353
13.0,2409,73976.817977
16.0,2419,74025.076078
18.0,2196,74069.726975
20.0,1561,74101.75112
12.0,2525,74152.789789
20.0,1635,74185.984056
7.0,3573,74258.653669
18.0,2148,74302.54313
19.0,1632,74335.409048
16.0,2266,74381.65316
18.0,2194,74426.106564
19.0,1731,74460.479173
4.0,3029,74521.526829
20.0,1622,74554.183359
19.0,2149,74597.289222
17.0,2134,74640.909526
20.0,1561,74672.223849
20.0,1591,74704.650817
14.0,2548,74755.862627
16.0,2405,74804.836426
20.0,1627,74837.327267
12.0,2854,74895.17074
20.0,2030,74936.187516
16.0,2704,74990.525853
18.0,2126,75033.729434
16.0,2183,75078.08043
19.0,2168,75121.97789
20.0,1649,75154.927175
20.0,1564,75186.448703
8.0,3381,75254.427157
18.0,1713,75289.223799
17.0,2197,75333.779441
18.0,2355,75381.577443
21.0,1573,75413.410753
16.0,2644,75466.91081
20.0,2005,75508.250431
17.0,2260,75553.846894
4.0,3713,75629.222386
21.0,1993,75669.222852
17.0,1819,75705.558196
12.0,3067,75767.498577
13.0,3093,75830.089365
19.0,2293,75876.812645
20.0,1623,75909.601097
12.0,2896,75967.990017
14.0,2896,76027.071896
18.0,2250,76072.48778
18.0,2312,76119.239807
19.0,2107,76161.617499
18.0,2256,76206.929448
16.0,2305,76253.680032
20.0,2121,76296.818432
12.0,2895,76355.31611
19.0,1813,76391.673331
21.0,2033,76432.866516
-1.0,4402,76521.739196
19.0,1681,76555.656405
18.0,2124,76598.751266
17.0,2500,76649.209903
21.0,1993,76689.519543
21.0,2094,76731.008886
18.0,1853,76768.234515
20.0,1685,76802.187085
18.0,2091,76844.977268
20.0,1713,76879.687751
19.0,2082,76921.881304
20.0,1562,76953.864758
18.0,1844,76991.365943
19.0,1653,77024.976632
18.0,2051,77066.041083
16.0,2660,77119.800461
21.0,1972,77159.594617
20.0,2135,77202.266815
20.0,2112,77244.986436
15.0,2382,77293.051454
18.0,2195,77338.204048
12.0,2371,77385.914718
16.0,2442,77434.938433
13.0,2860,77492.52566
20.0,1966,77532.492999
18.0,1712,77566.996004
20.0,1612,77599.199443
16.0,2193,77643.268512
20.0,1741,77678.662045
20.0,1564,77709.909475
7.0,3141,77773.27749
19.0,1677,77807.272599
18.0,2091,77849.297094
20.0,2127,77891.980994
18.0,2167,77935.907597
20.0,1595,77967.804839
8.0,3227,78033.815773
16.0,2239,78078.953796
12.0,2789,78135.093025
17.0,1935,78174.118078
11.0,2815,78230.830125
12.0,3168,78294.985332
21.0,2051,78336.361377
16.0,2185,78380.240034
20.0,1685,78414.575681
16.0,2570,78466.025156
13.0,2687,78519.944915
10.0,2664,78572.948812
11.0,2715,78627.84139
20.0,2035,78669.787038
20.0,2161,78713.176081
20.0,2007,78754.372873
12.0,2812,78811.06076
16.0,2151,78854.899987
18.0,2377,78903.250853
13.0,2523,78954.082663
20.0,2293,79000.442652
20.0,2219,79044.742104
17.0,2351,79091.961079
21.0,1593,79124.12468
13.0,3421,79193.138515
15.0,2378,79240.951181
19.0,2083,79283.520337
-3.0,4645,79377.189996
18.0,2407,79425.654614
20.0,1579,79457.790853
15.0,2312,79504.670217
14.0,2992,79565.161093
18.0,1987,79605.785002
15.0,2333,79653.318362
20.0,1768,79688.656466
6.0,3543,79760.940943
20.0,1770,79796.939436
16.0,2471,79846.837983
17.0,2352,79894.142993
17.0,1883,79932.576408
18.0,2195,79977.06795
20.0,1892,80015.413164
17.0,2061,80057.045439
20.0,1596,80088.683975
19.0,2143,80131.764811
21.0,1972,80171.208838
19.0,2407,80219.597208
19.0,2211,80264.393681
20.0,2035,80305.851659
19.0,2088,80347.426427
15.0,2976,80407.219487
19.0,2174,80450.216017
20.0,1566,80482.009401
19.0,2149,80525.611776
20.0,2061,80567.810542
13.0,2779,80623.691704
19.0,2110,80666.828202
17.0,2224,80712.199321
19.0,2173,80756.372456
17.0,2444,80805.838309
20.0,1564,80837.492921
14.0,3040,80898.78395
17.0,2358,80946.119173
14.0,2853,81003.142562
16.0,2718,81057.891594
17.0,2204,81102.71711
7.0,3339,81170.485298
11.0,3315,81237.001998
16.0,2656,81290.83954
14.0,2354,81338.302556
15.0,2104,81380.959395
21.0,1578,81412.978824
17.0,2272,81459.077137
20.0,2146,81502.243136
20.0,2007,81542.413199
20.0,2066,81583.702741
14.0,2522,81634.433069
20.0,1993,81674.72137
18.0,2075,81716.703085
17.0,2457,81767.158664
14.0,2453,81816.440296
19.0,1662,81850.54222
16.0,2317,81897.515407
16.0,2394,81946.654835
20.0,1583,81979.136902
15.0,2890,82037.629296
18.0,1674,82071.168092
17.0,2299,82117.497819
18.0,1844,82155.253726
18.0,2014,82196.452367
20.0,1721,82231.506408
21.0,1988,82271.517872
21.0,1592,82303.308035
9.0,2263,82349.636847
14.0,2192,82394.38604
18.0,2529,82445.408529
17.0,2261,82491.503565
20.0,2005,82531.971723
20.0,2033,82572.841114
12.0,2701,82627.025342
18.0,1712,82661.743799
13.0,2408,82710.460012
17.0,2497,82760.986363
18.0,2298,82807.396655
15.0,2087,82849.661006
6.0,2833,82907.287687
18.0,1801,82943.879218
17.0,2396,82991.849022
13.0,3051,83054.460824
18.0,2500,83104.917187
11.0,2919,83163.889873
14.0,2478,83213.989677
15.0,2469,83263.37981
20.0,2056,83304.701779
21.0,2175,83348.454471
18.0,2108,83391.212384
19.0,1650,83424.553595
10.0,2579,83476.124098
20.0,2064,83517.882902
17.0,2306,83564.655541
20.0,2347,83611.001895
20.0,1594,83644.070542
20.0,2003,83684.404778
18.0,2076,83726.385084
11.0,2868,83784.255896
21.0,2097,83826.133938
11.0,2659,83879.771777
5.0,4281,83966.058251
20.0,1994,84006.016185
19.0,2172,84050.137221
18.0,2422,84098.538488
20.0,2121,84141.857239
16.0,2137,84185.259272
10.0,3378,84252.63759
19.0,2169,84296.715764
15.0,2278,84342.863029
16.0,1981,84382.883537
16.0,2228,84427.409763
19.0,2328,84474.038701
18.0,2488,84524.279196
20.0,2192,84567.866965
12.0,2117,84610.499862
12.0,2755,84666.341444
15.0,2939,84725.622048
18.0,1979,84765.604271
15.0,2643,84818.398942
16.0,2198,84862.745093
20.0,2109,84905.437846
18.0,2396,84954.143982
